name,price,rating,reviews_count,source,brand,type,packaging,price_tier,id,scraped_at,image_url
Nescafe Classic Coffee Jar 50g,0.0,0,0,daraz.pk,Nescafe,instant,"{'value': 50.0, 'unit': 'g', 'display': '50g'}",low,,,
Nescafe Classic Coffee Jar 100g,0.0,0,0,daraz.pk,Nescafe,instant,"{'value': 100.0, 'unit': 'g', 'display': '100g'}",low,,,
Nescafe Classic Coffee Jar 200g,0.0,0,0,daraz.pk,Nescafe,instant,"{'value': 200.0, 'unit': 'g', 'display': '200g'}",low,,,
KLASSNO COFFEE 50g,0.0,0,0,daraz.pk,Unknown,instant,"{'value': 50.0, 'unit': 'g', 'display': '50g'}",low,,,
Private Club Espresso Coffee - 50G,0.0,0,0,daraz.pk,Espresso,instant,"{'value': 50.0, 'unit': 'g', 'display': '50g'}",low,,,
Kopiko's Torabika Cappuccino 3 in 1 Coffee 25gm,0.0,0,0,daraz.pk,Unknown,coffee mix,"{'value': 0, 'unit': 'unknown', 'display': 'unknown'}",low,,,
Coffee Gold (100g)|café Gold Premium Quality & Imported Quality|In very cheap price|Fresh product|,0.0,0,0,daraz.pk,Unknown,instant,"{'value': 100.0, 'unit': 'g', 'display': '100g'}",low,,,
Coffee 3 in 1 Copa Cafe 18g (2 sachets),0.0,0,0,daraz.pk,Unknown,coffee mix,"{'value': 18.0, 'unit': 'g', 'display': '18g'}",low,,,
Acorn Coffee 100g,0.0,0,0,daraz.pk,Unknown,instant,"{'value': 100.0, 'unit': 'g', 'display': '100g'}",low,,,
Coffee Gold (50g) cafe Gold Sealed Bottle long Expiry & Imported Quality from Russia,0.0,0,0,daraz.pk,Unknown,instant,"{'value': 50.0, 'unit': 'g', 'display': '50g'}",low,,,
Kopiko's Torabika Cappuccino 3 in 1 Coffee With Choco Granule Sachet - 25gm,0.0,0,0,daraz.pk,Unknown,coffee mix,"{'value': 0, 'unit': 'unknown', 'display': 'unknown'}",low,,,
Klassno Coffee Sachet 2gm (Pack of 6) (Pack of 10) (Pack of 15) Pure soluble instant Sachets,0.0,0,0,daraz.pk,Unknown,instant,"{'value': 0, 'unit': 'unknown', 'display': 'unknown'}",low,,,
"Alicafe 3-in-1 French Roast Instant Coffee 222g (12 Sachets, 18.5g Each) - Rich Flavor, Convenient Preparation| Imported | In best & original quality",0.0,0,0,daraz.pk,Unknown,instant,"{'value': 222.0, 'unit': 'g', 'display': '222g'}",low,,,
"Klassno Classic Premium Coffee, 50g",0.0,0,0,daraz.pk,Unknown,instant,"{'value': 50.0, 'unit': 'g', 'display': '50g'}",low,,,
"Alicafe 3-in-1 French Roast Instant Coffee 222g (12 Sachets, 18.5g Each) - Rich Flavor, Convenient Preparation| Imported | In best & original quality",0.0,0,0,daraz.pk,Unknown,instant,"{'value': 222.0, 'unit': 'g', 'display': '222g'}",low,,,
Coffee Nescafee Gd 100G (Imported),0.0,0,0,daraz.pk,Nescafe,instant,"{'value': 100.0, 'unit': 'g', 'display': '100g'}",low,,,
Klassno Coffee Classic 1.5g (10 Sachet) (Imported),0.0,0,0,daraz.pk,Unknown,instant,"{'value': 5.0, 'unit': 'g', 'display': '5g'}",low,,,
Alicafe 3-in-1 French Roast Instant premix coffee 222 gm (18.5gm X 12 Sachets) with (Cream+Sugar+Choco Granules),0.0,0,0,daraz.pk,Unknown,instant,"{'value': 12.0, 'unit': 'count', 'display': '12count'}",low,,,
N.cafe 3 in 1 Milky Ice Choco Coffee 1 Sachet 10.6 gm,0.0,0,0,daraz.pk,Unknown,coffee mix,"{'value': 1.0, 'unit': 'count', 'display': '1count'}",low,,,
"Coffee Sachets, 2gm, Pack of 10,30 & 60 Sachets)",0.0,0,0,daraz.pk,Unknown,instant,"{'value': 60.0, 'unit': 'count', 'display': '60count'}",low,,,
Classic Coffee Black Sealed Bottle Original & imported Quality 50g,0.0,0,0,daraz.pk,Unknown,instant,"{'value': 50.0, 'unit': 'g', 'display': '50g'}",low,,,
Medium Roasted Coffee Beans 100 gm,0.0,0,0,daraz.pk,Unknown,beans,"{'value': 0, 'unit': 'unknown', 'display': 'unknown'}",low,,,
ARABIC COFFEE (GAHWA) 120GM,0.0,0,0,daraz.pk,Unknown,instant,"{'value': 0, 'unit': 'unknown', 'display': 'unknown'}",low,,,
Coffee Sachet Cappuccino Tora Bika 25g (Pack Of 10) (Pack Of 5) (Pack Of 1),0.0,0,0,daraz.pk,Unknown,instant,"{'value': 25.0, 'unit': 'g', 'display': '25g'}",low,,,
Green Coffee Beans 113gm,0.0,0,0,daraz.pk,Unknown,beans,"{'value': 0, 'unit': 'unknown', 'display': 'unknown'}",low,,,
D-Cafe Classic Coffee jar 70g,0.0,0,0,daraz.pk,Unknown,instant,"{'value': 70.0, 'unit': 'g', 'display': '70g'}",low,,,
C & H Caramel Drops Fill Coffee 130 Gm,0.0,0,0,daraz.pk,Unknown,instant,"{'value': 0, 'unit': 'unknown', 'display': 'unknown'}",low,,,
Private Club Espresso Coffee - 50G,0.0,0,0,daraz.pk,Espresso,instant,"{'value': 50.0, 'unit': 'g', 'display': '50g'}",low,,,
Private Club - Flavored Coffee - Expresso - 50g (Imported & Halal)- Instant Coffee,0.0,0,0,daraz.pk,Unknown,instant,"{'value': 50.0, 'unit': 'g', 'display': '50g'}",low,,,
Alfatah Mall - NESCAFE COFFEE 3IN1 SACHET 22GM,0.0,0,0,daraz.pk,Nescafe,instant,"{'value': 1.0, 'unit': 'count', 'display': '1count'}",low,,,
Klassno Coffee 100g Jar,0.0,0,0,daraz.pk,Unknown,instant,"{'value': 100.0, 'unit': 'g', 'display': '100g'}",low,,,
Pack Of 5 Kopiko's Torabika Cappuccino 3 in 1 Coffee With Choco Granule Sachet - 25gm,0.0,0,0,daraz.pk,Unknown,coffee mix,"{'value': 0, 'unit': 'unknown', 'display': 'unknown'}",low,,,
Medium Roasted Coffee Beans  50 gm,0.0,0,0,daraz.pk,Unknown,beans,"{'value': 0, 'unit': 'unknown', 'display': 'unknown'}",low,,,
Starbucks creamy vanilla coffee pods 10 ( imported from France),0.0,0,0,daraz.pk,Unknown,capsule/pod,"{'value': 0, 'unit': 'unknown', 'display': 'unknown'}",low,,,
"MultiCafe Classic Pure Instant coffee (25 Saches Box) for 25 Cups, 50 gm box (Expiry Date 2026)",0.0,0,0,daraz.pk,Unknown,instant,"{'value': 0, 'unit': 'unknown', 'display': 'unknown'}",low,,,
Royal Cafe Classic Coffee jar 80g,0.0,0,0,daraz.pk,Unknown,instant,"{'value': 80.0, 'unit': 'g', 'display': '80g'}",low,,,
Organic Green Coffee Beans Powder 100gm,0.0,0,0,daraz.pk,Unknown,beans,"{'value': 0, 'unit': 'unknown', 'display': 'unknown'}",low,,,
Private Club French Vanilla Flavored Coffee - 50G,0.0,0,0,daraz.pk,Unknown,instant,"{'value': 50.0, 'unit': 'g', 'display': '50g'}",low,,,
Klassno Coffee Classic Sachets 1.5gm,0.0,0,0,daraz.pk,Unknown,instant,"{'value': 0, 'unit': 'unknown', 'display': 'unknown'}",low,,,
"Roasted Coffee Beans, Strong Dark Roast, 50g ( From Saudi Arab ) 100% Pure n Natural Whole Beans,Black Coffee Arabica Coffee Beans, 50 Gram",0.0,0,0,daraz.pk,Unknown,beans,"{'value': 50.0, 'unit': 'g', 'display': '50g'}",low,,,
Coffee Choco Hazelnut Ice 25g,0.0,0,0,daraz.pk,Unknown,instant,"{'value': 25.0, 'unit': 'g', 'display': '25g'}",low,,,
Mehmet Efendi Single Cup Turkish Coffee 6 Gm,0.0,0,0,daraz.pk,Unknown,instant,"{'value': 0, 'unit': 'unknown', 'display': 'unknown'}",low,,,
ZX EXPRESS 1 sachets Instant Cappuccino Good Day coffee,0.0,0,0,daraz.pk,Unknown,instant,"{'value': 1.0, 'unit': 'count', 'display': '1count'}",low,,,
Private Club Flavored Coffee - 50g Imported Made in Indonesia,0.0,0,0,daraz.pk,Unknown,instant,"{'value': 50.0, 'unit': 'g', 'display': '50g'}",low,,,
Ali Café 3 In 1 French Roast Instant Coffee 12 sachet...,0.0,0,0,daraz.pk,Unknown,instant,"{'value': 12.0, 'unit': 'count', 'display': '12count'}",low,,,
Roasted Coffee Beans 100g (Mix of Arabica & Robusta) Coffee Beans  100gm,0.0,0,0,daraz.pk,Unknown,beans,"{'value': 100.0, 'unit': 'g', 'display': '100g'}",low,,,
Rich & Aromatic Instant Coffee - 50g for Your Daily Boost!,0.0,0,0,daraz.pk,Unknown,instant,"{'value': 50.0, 'unit': 'g', 'display': '50g'}",low,,,
bestle coffee mate 400gm,0.0,0,0,daraz.pk,Unknown,instant,"{'value': 0, 'unit': 'unknown', 'display': 'unknown'}",low,,,
Pure Roasted Coffee Beans Wayanad Kerala(100gm),0.0,0,0,daraz.pk,Unknown,beans,"{'value': 0, 'unit': 'unknown', 'display': 'unknown'}",low,,,
Private Club Caramel Flavored Coffee - 50G,0.0,0,0,daraz.pk,Unknown,instant,"{'value': 50.0, 'unit': 'g', 'display': '50g'}",low,,,
Green coffee beans whole 100 gm,0.0,0,0,daraz.pk,Unknown,beans,"{'value': 0, 'unit': 'unknown', 'display': 'unknown'}",low,,,
COFFEE MATE 400GM,0.0,0,0,daraz.pk,Unknown,instant,"{'value': 0, 'unit': 'unknown', 'display': 'unknown'}",low,,,
Date Seed Coffee 150g,0.0,0,0,daraz.pk,Unknown,instant,"{'value': 150.0, 'unit': 'g', 'display': '150g'}",low,,,
N.Cafe Gold Colombia 2 Gm,0.0,0,0,daraz.pk,Unknown,instant,"{'value': 0, 'unit': 'unknown', 'display': 'unknown'}",low,,,
Green Coffee Beans 57gm,0.0,0,0,daraz.pk,Unknown,beans,"{'value': 0, 'unit': 'unknown', 'display': 'unknown'}",low,,,
Classic Coffee Black Sealed Bottle Original & imported Quality 50g,0.0,0,0,daraz.pk,Unknown,instant,"{'value': 50.0, 'unit': 'g', 'display': '50g'}",low,,,
Cafe Crown Latte Frothed Milk Coffee 17 Gm,0.0,0,0,daraz.pk,Unknown,instant,"{'value': 0, 'unit': 'unknown', 'display': 'unknown'}",low,,,
Klassno Pure Soluble Coffee In Granules 1.5 gr (Pack of 15),0.0,0,0,daraz.pk,Unknown,instant,"{'value': 0, 'unit': 'unknown', 'display': 'unknown'}",low,,,
Green Coffee Beans Your Natural Immunity Booster And Weight Loss,0.0,0,0,daraz.pk,Unknown,beans,"{'value': 0, 'unit': 'unknown', 'display': 'unknown'}",low,,,
Medium Roasted Coffee Beans 113gm,0.0,0,0,daraz.pk,Unknown,beans,"{'value': 0, 'unit': 'unknown', 'display': 'unknown'}",low,,,
Private Club - Flavored Coffee - Classic Cream - 50g (Imported & Halal)- Instant Coffee,0.0,0,0,daraz.pk,Unknown,instant,"{'value': 50.0, 'unit': 'g', 'display': '50g'}",low,,,
Naturewell Green Coffee Beans for Weight Loss (Unroasted)-100g,0.0,0,0,daraz.pk,Unknown,beans,"{'value': 100.0, 'unit': 'g', 'display': '100g'}",low,,,
KLASSNO COFFEE ORGAINAL 3IN1,0.0,0,0,daraz.pk,Unknown,instant,"{'value': 0, 'unit': 'unknown', 'display': 'unknown'}",low,,,
"Kalassno Classic Premium Coffee, 100 Pure instant Coffee, 50gm",0.0,0,0,daraz.pk,Unknown,instant,"{'value': 0, 'unit': 'unknown', 'display': 'unknown'}",low,,,
3 in 1 Original Coffee  17.5 Gm,0.0,0,0,daraz.pk,Unknown,coffee mix,"{'value': 0, 'unit': 'unknown', 'display': 'unknown'}",low,,,
"Alicafe 3-in-1 French Roast Instant Coffee 222g (12 Sachets, 18.5g Each) - Rich Flavor, Convenient Preparation",0.0,0,0,daraz.pk,Unknown,instant,"{'value': 222.0, 'unit': 'g', 'display': '222g'}",low,,,
Private Club - Flavored Coffee - Expresso - 50g (Imported & Halal),0.0,0,0,daraz.pk,Unknown,instant,"{'value': 50.0, 'unit': 'g', 'display': '50g'}",low,,,
CAFEX 3 in 1 Hazelnut Coffee 18 gr,0.0,0,0,daraz.pk,Unknown,coffee mix,"{'value': 0, 'unit': 'unknown', 'display': 'unknown'}",low,,,
Gold Instant Coffee 7 INTENSITY 100% PURE AND ORIGINOL 100G-GOLD 200GM COFFEE-GOLD 50GM COFFEE,0.0,0,0,daraz.pk,Unknown,instant,"{'value': 100.0, 'unit': 'g', 'display': '100g'}",low,,,
Starbucks Vanilla Instant Coffee Sachets,0.0,0,0,daraz.pk,Unknown,instant,"{'value': 0, 'unit': 'unknown', 'display': 'unknown'}",low,,,
Instant Cappuccino 6 Sachets Coffee Good Day coffee,0.0,0,0,daraz.pk,Unknown,instant,"{'value': 6.0, 'unit': 'count', 'display': '6count'}",low,,,
Coffee Copa Cafe Hot Chocolate Coffee ( 20 sachets),0.0,0,0,daraz.pk,Unknown,instant,"{'value': 20.0, 'unit': 'count', 'display': '20count'}",low,,,
Pack Of 2 - Coffee Beaters & Egg Beaters,0.0,0,0,daraz.pk,Unknown,instant,"{'value': 0, 'unit': 'unknown', 'display': 'unknown'}",low,,,
Spresso Coffee Pods,0.0,0,0,daraz.pk,Unknown,capsule/pod,"{'value': 0, 'unit': 'unknown', 'display': 'unknown'}",low,,,
Nescafyyyy Classic Double Filtered Coffee Granule Glass Bottle | 25 cups coffe inside | 50g | In best & orignal quality | Imported,0.0,0,0,daraz.pk,Unknown,instant,"{'value': 50.0, 'unit': 'g', 'display': '50g'}",low,,,
Private Club - Flavored Coffee - Caramel - 50g,0.0,0,0,daraz.pk,Unknown,instant,"{'value': 50.0, 'unit': 'g', 'display': '50g'}",low,,,
1 Sachet Good day cappuccino Instant Coffee Indonesia,0.0,0,0,daraz.pk,Unknown,instant,"{'value': 1.0, 'unit': 'count', 'display': '1count'}",low,,,
Indo Cafe Coffee Special Blend - 50Gm- Instant Coffee (Imported & Halal) - For Keto Diet,0.0,0,0,daraz.pk,Unknown,instant,"{'value': 0, 'unit': 'unknown', 'display': 'unknown'}",low,,,
Coffee | Instant Coffee | BON AROMA Classic Instant Coffee 50g | In original & Imported | Best quality 100% Pure | 50g,0.0,0,0,daraz.pk,Unknown,instant,"{'value': 50.0, 'unit': 'g', 'display': '50g'}",low,,,
N.Cafe Gold Espresso Coffee 2 G,0.0,0,0,daraz.pk,Espresso,instant,"{'value': 2.0, 'unit': 'g', 'display': '2g'}",low,,,
Nescafe Coffee 3in1 30 Sachets,0.0,0,0,daraz.pk,Nescafe,instant,"{'value': 30.0, 'unit': 'count', 'display': '30count'}",low,,,
Coffee Sachet 2gm (PACK OF 60) Classic Original & Imported Quality Café,0.0,0,0,daraz.pk,Unknown,instant,"{'value': 0, 'unit': 'unknown', 'display': 'unknown'}",low,,,
Saudi Qahwa Lite Roasted Saudi Coffee | Ground Coffee Rich in Saffron & Ginger 100G,0.0,0,0,daraz.pk,Unknown,ground,"{'value': 100.0, 'unit': 'g', 'display': '100g'}",low,,,
"Alicafe 3-in-1 French Roast Instant Coffee 222g (12 Sachets, 18.5g Each) - Rich Flavor, Convenient Preparation| Imported | In best & original quality",0.0,0,0,daraz.pk,Unknown,instant,"{'value': 222.0, 'unit': 'g', 'display': '222g'}",low,,,
klassno classic coffee 100gram,0.0,0,0,daraz.pk,Unknown,instant,"{'value': 100.0, 'unit': 'g', 'display': '100g'}",low,,,
Private Club - Flavored Coffee - Almond - 50g (Imported & Halal)- Instant Coffee,0.0,0,0,daraz.pk,Unknown,instant,"{'value': 50.0, 'unit': 'g', 'display': '50g'}",low,,,
"Klassno Coffee, 100% Pure Instant Coffee, 50Gm",0.0,0,0,daraz.pk,Unknown,instant,"{'value': 0, 'unit': 'unknown', 'display': 'unknown'}",low,,,
Private Club - Flavored Coffee - Hazelnut - 50g (Imported & Halal)- Instant Coffee,0.0,0,0,daraz.pk,Unknown,instant,"{'value': 50.0, 'unit': 'g', 'display': '50g'}",low,,,
Coffee arabic coffee with cardamom ( From Saudi Arab) 100 Gram,0.0,0,0,daraz.pk,Unknown,instant,"{'value': 100.0, 'unit': 'g', 'display': '100g'}",low,,,
Qassim Mix For Coffee -125 gm,0.0,0,0,daraz.pk,Unknown,coffee mix,"{'value': 0, 'unit': 'unknown', 'display': 'unknown'}",low,,,
COFFEE | COFFE MATE RICHER & CREAMER | IMPORTED AND ORIGINAL IN BEST QUALITY | 400GRAM,0.0,0,0,daraz.pk,Unknown,instant,"{'value': 400.0, 'unit': 'g', 'display': '400g'}",low,,,
Private Club - Flavored Coffee - French Vanilla - 50g,0.0,0,0,daraz.pk,Unknown,instant,"{'value': 50.0, 'unit': 'g', 'display': '50g'}",low,,,
Coffee Sachet 2gm Classic Orignal and Imported Quality (PACK OF 30),0.0,0,0,daraz.pk,Unknown,instant,"{'value': 0, 'unit': 'unknown', 'display': 'unknown'}",low,,,
Arabica Roasted Coffee Beans -100gm,0.0,0,0,daraz.pk,Unknown,beans,"{'value': 0, 'unit': 'unknown', 'display': 'unknown'}",low,,,
Klassno Coffee Sachet 15 Sachet in Pack (1.5g Each) Imported,0.0,0,0,daraz.pk,Unknown,instant,"{'value': 5.0, 'unit': 'g', 'display': '5g'}",low,,,
Klassno Coffee Classic Soluble 1.5g (60 Sachet) (Imported),0.0,0,0,daraz.pk,Unknown,instant,"{'value': 5.0, 'unit': 'g', 'display': '5g'}",low,,,
Private Club Caramel Flavored Coffee - 50G,0.0,0,0,daraz.pk,Unknown,instant,"{'value': 50.0, 'unit': 'g', 'display': '50g'}",low,,,
Bon Aroma Gold Coffee 50g,0.0,0,0,daraz.pk,Unknown,instant,"{'value': 50.0, 'unit': 'g', 'display': '50g'}",low,,,
Private Club Hazelnut Flavored Coffee - 50G,0.0,0,0,daraz.pk,Unknown,instant,"{'value': 50.0, 'unit': 'g', 'display': '50g'}",low,,,
Coffee Sachet 2gm Classic (PACK OF 60) Orignal and Imported Quality,0.0,0,0,daraz.pk,Unknown,instant,"{'value': 0, 'unit': 'unknown', 'display': 'unknown'}",low,,,
Coffee Sachet Classic 2g Pack of 10 / Pack of 20 Sachets / Pack of 30 | Imported from Indonesia,0.0,0,0,daraz.pk,Unknown,instant,"{'value': 2.0, 'unit': 'g', 'display': '2g'}",low,,,
Klassno Pure Soluble Coffee In Granules 1.5 gr (Pack of 30),0.0,0,0,daraz.pk,Unknown,instant,"{'value': 0, 'unit': 'unknown', 'display': 'unknown'}",low,,,
N.Cafe Black Roast Coffee  50GM,0.0,0,0,daraz.pk,Unknown,instant,"{'value': 0, 'unit': 'unknown', 'display': 'unknown'}",low,,,
Copa Cafe Finest Quality Instant Coffee 45 & 85  Cups 90 & 170 g,0.0,0,0,daraz.pk,Unknown,instant,"{'value': 170.0, 'unit': 'g', 'display': '170g'}",low,,,
Espresso mattinata coffee 10 capsules (imported from france),0.0,0,0,daraz.pk,Espresso,capsule/pod,"{'value': 10.0, 'unit': 'count', 'display': '10count'}",low,,,
3 in 1 Coffee - 30 Sachet,0.0,0,0,daraz.pk,Unknown,coffee mix,"{'value': 30.0, 'unit': 'count', 'display': '30count'}",low,,,
Copa Cafe Finest Quality Instant Coffee 45 & 85 Cups 90 & 170 g,0.0,0,0,daraz.pk,Unknown,instant,"{'value': 170.0, 'unit': 'g', 'display': '170g'}",low,,,
AL MASNOON Arabic Qahwa/Arabic Coffee Rich with Cardamom & Saffron 50g (pack of 1) 100% Natural,0.0,0,0,daraz.pk,Unknown,instant,"{'value': 50.0, 'unit': 'g', 'display': '50g'}",low,,,
Private Club - Flavored Coffee - Hazelnut - 50g,0.0,0,0,daraz.pk,Unknown,instant,"{'value': 50.0, 'unit': 'g', 'display': '50g'}",low,,,
Alicafe 3-in-1 French Roast Instant premix coffee 222 gm (18.5gm X 12 Sachets)(pack of 2p),0.0,0,0,daraz.pk,Unknown,instant,"{'value': 12.0, 'unit': 'count', 'display': '12count'}",low,,,
Coffee Gold (100g) cafe Gold Sealed Bottle & Imported Quality From Russia,0.0,0,0,daraz.pk,Unknown,instant,"{'value': 100.0, 'unit': 'g', 'display': '100g'}",low,,,
Private Club - Flavored Coffee - Clsssic Cream - 50g - Imported and Halal,0.0,0,0,daraz.pk,Unknown,instant,"{'value': 50.0, 'unit': 'g', 'display': '50g'}",low,,,
Private Club Flavored Coffee - Classic Cream - 50g (Imported & Halal)- Instant Coffee,0.0,0,0,daraz.pk,Unknown,instant,"{'value': 50.0, 'unit': 'g', 'display': '50g'}",low,,,
Kalassno Coffee Sachet 1.5Gm X 60Pc,0.0,0,0,daraz.pk,Unknown,instant,"{'value': 0, 'unit': 'unknown', 'display': 'unknown'}",low,,,
Private Club Flavored Coffee - Hazelnut - 50G (Imported & Halal) - Instant Coffee - For Keto Diet,0.0,0,0,daraz.pk,Unknown,instant,"{'value': 50.0, 'unit': 'g', 'display': '50g'}",low,,,
N.Cafe Vanilla Latte Milk Coffee 14.5 Gm 1 Sachet,0.0,0,0,daraz.pk,Unknown,instant,"{'value': 1.0, 'unit': 'count', 'display': '1count'}",low,,,
Instant Coffee 50g,0.0,0,0,daraz.pk,Unknown,instant,"{'value': 50.0, 'unit': 'g', 'display': '50g'}",low,,,
Imtiaz Coffee Classic 170g,0.0,0,0,daraz.pk,Unknown,instant,"{'value': 170.0, 'unit': 'g', 'display': '170g'}",low,,,
Klassno Pure Soluble Coffee In Granules 1.5 gr (Pack of 60),0.0,0,0,daraz.pk,Unknown,instant,"{'value': 0, 'unit': 'unknown', 'display': 'unknown'}",low,,,
Pack of 5 Kopiko's Torabika Cappuccino 3 in 1 Coffee Choco Granule Sachet - 25gm,0.0,0,0,daraz.pk,Unknown,coffee mix,"{'value': 0, 'unit': 'unknown', 'display': 'unknown'}",low,,,
Nescafe Classic Coffee Jar 50g,0.0,0,0,daraz.pk,Nescafe,instant,"{'value': 50.0, 'unit': 'g', 'display': '50g'}",low,,,
Nescafe Classic Coffee Jar 100g,0.0,0,0,daraz.pk,Nescafe,instant,"{'value': 100.0, 'unit': 'g', 'display': '100g'}",low,,,
Nescafe Classic Coffee Jar 200g,0.0,0,0,daraz.pk,Nescafe,instant,"{'value': 200.0, 'unit': 'g', 'display': '200g'}",low,,,
KLASSNO COFFEE 50g,0.0,0,0,daraz.pk,Unknown,instant,"{'value': 50.0, 'unit': 'g', 'display': '50g'}",low,,,
Coffee Gold (100g)|café Gold Premium Quality & Imported Quality|In very cheap price|Fresh product|,0.0,0,0,daraz.pk,Unknown,instant,"{'value': 100.0, 'unit': 'g', 'display': '100g'}",low,,,
Classic Coffee Black Sealed Bottle Original & imported Quality 50g,0.0,0,0,daraz.pk,Unknown,instant,"{'value': 50.0, 'unit': 'g', 'display': '50g'}",low,,,
D-Cafe Classic Coffee jar 70g,0.0,0,0,daraz.pk,Unknown,instant,"{'value': 70.0, 'unit': 'g', 'display': '70g'}",low,,,
Medium Roasted Coffee Beans 100 gm,0.0,0,0,daraz.pk,Unknown,beans,"{'value': 0, 'unit': 'unknown', 'display': 'unknown'}",low,,,
Green Coffee Beans 113gm,0.0,0,0,daraz.pk,Unknown,beans,"{'value': 0, 'unit': 'unknown', 'display': 'unknown'}",low,,,
Coffee Nescafee Gd 100G (Imported),0.0,0,0,daraz.pk,Nescafe,instant,"{'value': 100.0, 'unit': 'g', 'display': '100g'}",low,,,
"Alicafe 3-in-1 French Roast Instant Coffee 222g (12 Sachets, 18.5g Each) - Rich Flavor, Convenient Preparation| Imported | In best & original quality",0.0,0,0,daraz.pk,Unknown,instant,"{'value': 222.0, 'unit': 'g', 'display': '222g'}",low,,,
"Coffee Sachets, 2gm, Pack of 10,30 & 60 Sachets)",0.0,0,0,daraz.pk,Unknown,instant,"{'value': 60.0, 'unit': 'count', 'display': '60count'}",low,,,
Royal Cafe Classic Coffee jar 80g,0.0,0,0,daraz.pk,Unknown,instant,"{'value': 80.0, 'unit': 'g', 'display': '80g'}",low,,,
Private Club Espresso Coffee - 50G,0.0,0,0,daraz.pk,Espresso,instant,"{'value': 50.0, 'unit': 'g', 'display': '50g'}",low,,,
Roasted Coffee Beans 100g (Mix of Arabica & Robusta) Coffee Beans  100gm,0.0,0,0,daraz.pk,Unknown,beans,"{'value': 100.0, 'unit': 'g', 'display': '100g'}",low,,,
"Alicafe 3-in-1 French Roast Instant Coffee 222g (12 Sachets, 18.5g Each) - Rich Flavor, Convenient Preparation| Imported | In best & original quality",0.0,0,0,daraz.pk,Unknown,instant,"{'value': 222.0, 'unit': 'g', 'display': '222g'}",low,,,
Private Club Flavored Coffee - 50g Imported Made in Indonesia,0.0,0,0,daraz.pk,Unknown,instant,"{'value': 50.0, 'unit': 'g', 'display': '50g'}",low,,,
Nescafe Coffee 3in1 30 Sachets,0.0,0,0,daraz.pk,Nescafe,instant,"{'value': 30.0, 'unit': 'count', 'display': '30count'}",low,,,
Acorn Coffee 100g,0.0,0,0,daraz.pk,Unknown,instant,"{'value': 100.0, 'unit': 'g', 'display': '100g'}",low,,,
COFFEE MATE 400GM,0.0,0,0,daraz.pk,Unknown,instant,"{'value': 0, 'unit': 'unknown', 'display': 'unknown'}",low,,,
bestle coffee mate 400gm,0.0,0,0,daraz.pk,Unknown,instant,"{'value': 0, 'unit': 'unknown', 'display': 'unknown'}",low,,,
Private Club - Flavored Coffee - Expresso - 50g (Imported & Halal)- Instant Coffee,0.0,0,0,daraz.pk,Unknown,instant,"{'value': 50.0, 'unit': 'g', 'display': '50g'}",low,,,
Coffee Choco Hazelnut Ice 25g,0.0,0,0,daraz.pk,Unknown,instant,"{'value': 25.0, 'unit': 'g', 'display': '25g'}",low,,,
Starbucks creamy vanilla coffee pods 10 ( imported from France),0.0,0,0,daraz.pk,Unknown,capsule/pod,"{'value': 0, 'unit': 'unknown', 'display': 'unknown'}",low,,,
Coffee Gold (50g) cafe Gold Sealed Bottle long Expiry & Imported Quality from Russia,0.0,0,0,daraz.pk,Unknown,instant,"{'value': 50.0, 'unit': 'g', 'display': '50g'}",low,,,
Alicafe 3-in-1 French Roast Instant premix coffee 222 gm (18.5gm X 12 Sachets) with (Cream+Sugar+Choco Granules),0.0,0,0,daraz.pk,Unknown,instant,"{'value': 12.0, 'unit': 'count', 'display': '12count'}",low,,,
Classic Coffee Black Sealed Bottle Original & imported Quality 50g,0.0,0,0,daraz.pk,Unknown,instant,"{'value': 50.0, 'unit': 'g', 'display': '50g'}",low,,,
"MultiCafe Classic Pure Instant coffee (25 Saches Box) for 25 Cups, 50 gm box (Expiry Date 2026)",0.0,0,0,daraz.pk,Unknown,instant,"{'value': 0, 'unit': 'unknown', 'display': 'unknown'}",low,,,
Klassno Coffee Classic 1.5g (10 Sachet) (Imported),0.0,0,0,daraz.pk,Unknown,instant,"{'value': 5.0, 'unit': 'g', 'display': '5g'}",low,,,
Nescafyyyy Classic Double Filtered Coffee Granule Glass Bottle | 25 cups coffe inside | 50g | In best & orignal quality | Imported,0.0,0,0,daraz.pk,Unknown,instant,"{'value': 50.0, 'unit': 'g', 'display': '50g'}",low,,,
ARABIC COFFEE (GAHWA) 120GM,0.0,0,0,daraz.pk,Unknown,instant,"{'value': 0, 'unit': 'unknown', 'display': 'unknown'}",low,,,
"Roasted Coffee Beans, Strong Dark Roast, 50g ( From Saudi Arab ) 100% Pure n Natural Whole Beans,Black Coffee Arabica Coffee Beans, 50 Gram",0.0,0,0,daraz.pk,Unknown,beans,"{'value': 50.0, 'unit': 'g', 'display': '50g'}",low,,,
Coffee 3 in 1 Copa Cafe 18g (2 sachets),0.0,0,0,daraz.pk,Unknown,coffee mix,"{'value': 18.0, 'unit': 'g', 'display': '18g'}",low,,,
Date Seed Coffee 150g,0.0,0,0,daraz.pk,Unknown,instant,"{'value': 150.0, 'unit': 'g', 'display': '150g'}",low,,,
Pure Roasted Coffee Beans Wayanad Kerala(100gm),0.0,0,0,daraz.pk,Unknown,beans,"{'value': 0, 'unit': 'unknown', 'display': 'unknown'}",low,,,
N.cafe 3 in 1 Milky Ice Choco Coffee 1 Sachet 10.6 gm,0.0,0,0,daraz.pk,Unknown,coffee mix,"{'value': 1.0, 'unit': 'count', 'display': '1count'}",low,,,
Private Club Espresso Coffee - 50G,0.0,0,0,daraz.pk,Espresso,instant,"{'value': 50.0, 'unit': 'g', 'display': '50g'}",low,,,
Coffee Sachet 2gm (PACK OF 60) Classic Original & Imported Quality Café,0.0,0,0,daraz.pk,Unknown,instant,"{'value': 0, 'unit': 'unknown', 'display': 'unknown'}",low,,,
Kopiko's Torabika Cappuccino 3 in 1 Coffee 25gm,0.0,0,0,daraz.pk,Unknown,coffee mix,"{'value': 0, 'unit': 'unknown', 'display': 'unknown'}",low,,,
Green coffee beans whole 100 gm,0.0,0,0,daraz.pk,Unknown,beans,"{'value': 0, 'unit': 'unknown', 'display': 'unknown'}",low,,,
Nescafe Classic Coffee Jar 50g,0.0,0,0,daraz.pk,Nescafe,instant,"{'value': 50.0, 'unit': 'g', 'display': '50g'}",low,,,
Nescafe Classic Coffee Jar 100g,0.0,0,0,daraz.pk,Nescafe,instant,"{'value': 100.0, 'unit': 'g', 'display': '100g'}",low,,,
Nescafe Classic Coffee Jar 200g,0.0,0,0,daraz.pk,Nescafe,instant,"{'value': 200.0, 'unit': 'g', 'display': '200g'}",low,,,
D-Cafe Classic Coffee jar 70g,0.0,0,0,daraz.pk,Unknown,instant,"{'value': 70.0, 'unit': 'g', 'display': '70g'}",low,,,
Nescafe Coffee 3in1 30 Sachets,0.0,0,0,daraz.pk,Nescafe,instant,"{'value': 30.0, 'unit': 'count', 'display': '30count'}",low,,,
Private Club Espresso Coffee - 50G,0.0,0,0,daraz.pk,Espresso,instant,"{'value': 50.0, 'unit': 'g', 'display': '50g'}",low,,,
Private Club French Vanilla Flavored Coffee - 50G,0.0,0,0,daraz.pk,Unknown,instant,"{'value': 50.0, 'unit': 'g', 'display': '50g'}",low,,,
Roasted Coffee Beans 100g (Mix of Arabica & Robusta) Coffee Beans  100gm,0.0,0,0,daraz.pk,Unknown,beans,"{'value': 100.0, 'unit': 'g', 'display': '100g'}",low,,,
COFFEE MATE 400GM,0.0,0,0,daraz.pk,Unknown,instant,"{'value': 0, 'unit': 'unknown', 'display': 'unknown'}",low,,,
Classic Coffee Black Sealed Bottle Original & imported Quality 50g,0.0,0,0,daraz.pk,Unknown,instant,"{'value': 50.0, 'unit': 'g', 'display': '50g'}",low,,,
ABR Gold Coffee – Rich & Aromatic Instant Coffee | 45 Cups of Premium Flavor & Energy,0.0,0,0,daraz.pk,Unknown,instant,"{'value': 0, 'unit': 'unknown', 'display': 'unknown'}",low,,,
KLASSNO COFFEE 50g,0.0,0,0,daraz.pk,Unknown,instant,"{'value': 50.0, 'unit': 'g', 'display': '50g'}",low,,,
"Klassno Classic Premium Coffee Beans, 200g",0.0,0,0,daraz.pk,Unknown,beans,"{'value': 200.0, 'unit': 'g', 'display': '200g'}",low,,,
N.Cafe Black Roast Coffee  50GM,0.0,0,0,daraz.pk,Unknown,instant,"{'value': 0, 'unit': 'unknown', 'display': 'unknown'}",low,,,
Nescafyyyy Classic Double Filtered Coffee Granule Glass Bottle | 25 cups coffe inside | 50g | In best & orignal quality | Imported,0.0,0,0,daraz.pk,Unknown,instant,"{'value': 50.0, 'unit': 'g', 'display': '50g'}",low,,,
Coffee Gold (200g) café Gold Sealed Bottle & Imported Quality,0.0,0,0,daraz.pk,Unknown,instant,"{'value': 200.0, 'unit': 'g', 'display': '200g'}",low,,,
Private Club Hazelnut Flavored Coffee - 50G,0.0,0,0,daraz.pk,Unknown,instant,"{'value': 50.0, 'unit': 'g', 'display': '50g'}",low,,,
Starbucks creamy vanilla coffee pods 10 ( imported from France),0.0,0,0,daraz.pk,Unknown,capsule/pod,"{'value': 0, 'unit': 'unknown', 'display': 'unknown'}",low,,,
Coffee Extra forte Original 200g Sealed Bottle Imported & Best Quality,0.0,0,0,daraz.pk,Unknown,instant,"{'value': 200.0, 'unit': 'g', 'display': '200g'}",low,,,
Medium Roasted Coffee Beans 100 gm,0.0,0,0,daraz.pk,Unknown,beans,"{'value': 0, 'unit': 'unknown', 'display': 'unknown'}",low,,,
Private Club - Flavored Coffee - Expresso - 50g (Imported & Halal)- Instant Coffee,0.0,0,0,daraz.pk,Unknown,instant,"{'value': 50.0, 'unit': 'g', 'display': '50g'}",low,,,
Davidoff Cafe Espresso 57 Intense Instant Coffee 100gm Jar,0.0,0,0,daraz.pk,Davidoff,instant,"{'value': 0, 'unit': 'unknown', 'display': 'unknown'}",low,,,
Copa Cafe Finest Quality Instant Coffee 45 & 85 Cups 90 & 170 g,0.0,0,0,daraz.pk,Unknown,instant,"{'value': 170.0, 'unit': 'g', 'display': '170g'}",low,,,
Coffee Gold (100g)|café Gold Premium Quality & Imported Quality|In very cheap price|Fresh product|,0.0,0,0,daraz.pk,Unknown,instant,"{'value': 100.0, 'unit': 'g', 'display': '100g'}",low,,,
Private Club Caramel Flavored Coffee - 50G,0.0,0,0,daraz.pk,Unknown,instant,"{'value': 50.0, 'unit': 'g', 'display': '50g'}",low,,,
"Coffee Sachets, 2gm, Pack of 10,30 & 60 Sachets)",0.0,0,0,daraz.pk,Unknown,instant,"{'value': 60.0, 'unit': 'count', 'display': '60count'}",low,,,
bestle coffee mate 400gm,0.0,0,0,daraz.pk,Unknown,instant,"{'value': 0, 'unit': 'unknown', 'display': 'unknown'}",low,,,
Copa Cafe Finest Quality Instant Coffee 45 & 85  Cups 90 & 170 g,0.0,0,0,daraz.pk,Unknown,instant,"{'value': 170.0, 'unit': 'g', 'display': '170g'}",low,,,
"Alicafe 3-in-1 French Roast Instant Coffee 222g (12 Sachets, 18.5g Each) - Rich Flavor, Convenient Preparation| Imported | In best & original quality",0.0,0,0,daraz.pk,Unknown,instant,"{'value': 222.0, 'unit': 'g', 'display': '222g'}",low,,,
Klassno Coffee Classic Soluble 1.5g (60 Sachet) (Imported),0.0,0,0,daraz.pk,Unknown,instant,"{'value': 5.0, 'unit': 'g', 'display': '5g'}",low,,,
Coffee Sachet 2gm (PACK OF 60) Classic Original & Imported Quality Café,0.0,0,0,daraz.pk,Unknown,instant,"{'value': 0, 'unit': 'unknown', 'display': 'unknown'}",low,,,
Coffee Sachet 2gm Classic Orignal and Imported Quality (PACK OF 30),0.0,0,0,daraz.pk,Unknown,instant,"{'value': 0, 'unit': 'unknown', 'display': 'unknown'}",low,,,
Saudi Qahwa Lite Roasted Saudi Coffee | Ground Coffee Rich in Saffron & Ginger 100G,0.0,0,0,daraz.pk,Unknown,ground,"{'value': 100.0, 'unit': 'g', 'display': '100g'}",low,,,
Date Seed Coffee 150g,0.0,0,0,daraz.pk,Unknown,instant,"{'value': 150.0, 'unit': 'g', 'display': '150g'}",low,,,
Naturewell Green Coffee Beans for Weight Loss (Unroasted)-100g,0.0,0,0,daraz.pk,Unknown,beans,"{'value': 100.0, 'unit': 'g', 'display': '100g'}",low,,,
Royal Cafe Classic Coffee jar 80g,0.0,0,0,daraz.pk,Unknown,instant,"{'value': 80.0, 'unit': 'g', 'display': '80g'}",low,,,
Indo Cafe Coffee Special Blend - 50Gm- Instant Coffee (Imported & Halal) - For Keto Diet,0.0,0,0,daraz.pk,Unknown,instant,"{'value': 0, 'unit': 'unknown', 'display': 'unknown'}",low,,,
Davidoff Cafe Rich Aroma Instant Coffee 100gm Jar,0.0,0,0,daraz.pk,Davidoff,instant,"{'value': 0, 'unit': 'unknown', 'display': 'unknown'}",low,,,
Pure Roasted Coffee Beans Wayanad Kerala(100gm),0.0,0,0,daraz.pk,Unknown,beans,"{'value': 0, 'unit': 'unknown', 'display': 'unknown'}",low,,,
"Alicafe 3-in-1 French Roast Instant Coffee 222g (12 Sachets, 18.5g Each) - Rich Flavor, Convenient Preparation| Imported | In best & original quality",0.0,0,0,daraz.pk,Unknown,instant,"{'value': 222.0, 'unit': 'g', 'display': '222g'}",low,,,
PHILIPS COFFEE MAKER EP2220,0.159,0,0,alfatah.pk,Unknown,instant,"{'value': 0, 'unit': 'unknown', 'display': 'unknown'}",low,,,
NESCAFE GOLD CAPPUCCINO COFFEE 15.5GM,0.15,0,0,alfatah.pk,Nescafe,instant,"{'value': 0, 'unit': 'unknown', 'display': 'unknown'}",low,,,
DELONGHI COFFEE MAKER ESAM3000B,0.0,0,0,alfatah.pk,Unknown,instant,"{'value': 0, 'unit': 'unknown', 'display': 'unknown'}",low,,,
EVVOLI COFFEE MAKER EVKAC010MB,0.139,0,0,alfatah.pk,Unknown,instant,"{'value': 0, 'unit': 'unknown', 'display': 'unknown'}",low,,,
DELONGHI DRIP COFFEE MAKER ICM17210,0.419,0,0,alfatah.pk,Unknown,instant,"{'value': 0, 'unit': 'unknown', 'display': 'unknown'}",low,,,
INDOCAFE COFFEE ORIGINAL BLEND 50 GM,0.595,0,0,alfatah.pk,Unknown,instant,"{'value': 0, 'unit': 'unknown', 'display': 'unknown'}",low,,,
WINNING STAR DRIP COFFEE MACHINE ST9712,0.129,0,0,alfatah.pk,Unknown,instant,"{'value': 0, 'unit': 'unknown', 'display': 'unknown'}",low,,,
DELONGHI COFFEE MAKER DINIMICA PLUS ECAM37095T,0.395,0,0,alfatah.pk,Unknown,instant,"{'value': 0, 'unit': 'unknown', 'display': 'unknown'}",low,,,
KOPIKO COFFEE WHITE COFFEE 30 GM,0.125,0,0,alfatah.pk,Unknown,instant,"{'value': 0, 'unit': 'unknown', 'display': 'unknown'}",low,,,
KLASSNO COFFEE GOLD DRIED PREMIUM BEANS 50 GM,0.1195,0,0,alfatah.pk,Unknown,beans,"{'value': 0, 'unit': 'unknown', 'display': 'unknown'}",low,,,
KLASSNO COFFEE GOLD DRIED PREMIUM BEANS 100 GM,0.2195,0,0,alfatah.pk,Unknown,beans,"{'value': 0, 'unit': 'unknown', 'display': 'unknown'}",low,,,
KLASSNO COFFEE GOLD DRIED PREMIUM BEANS 200 GM,0.3295,0,0,alfatah.pk,Unknown,beans,"{'value': 0, 'unit': 'unknown', 'display': 'unknown'}",low,,,
DELONGHI FULLY AUTOMATIC COFFEE MACHINE ECAM22.110.SB,0.0,0,0,alfatah.pk,Unknown,instant,"{'value': 0, 'unit': 'unknown', 'display': 'unknown'}",low,,,
NESCAFE COFFEE MATINAL 100 GM,0.1295,0,0,alfatah.pk,Nescafe,instant,"{'value': 0, 'unit': 'unknown', 'display': 'unknown'}",low,,,
COFFEE SET 9PC CERAMIC 3145-3 COFFEE AW,0.99,0,0,alfatah.pk,Unknown,instant,"{'value': 0, 'unit': 'unknown', 'display': 'unknown'}",low,,,
6843A MUSICAL COFFEE MACHINE A.I,0.1675,0,0,alfatah.pk,Unknown,instant,"{'value': 0, 'unit': 'unknown', 'display': 'unknown'}",low,,,
CUP COFFEE CAMEO 21080C,0.495,0,0,alfatah.pk,Unknown,instant,"{'value': 0, 'unit': 'unknown', 'display': 'unknown'}",low,,,
NESCAFE DRINK COFFEE MILK KOPI MOCHA 240 ML,0.345,0,0,alfatah.pk,Nescafe,instant,"{'value': 0, 'unit': 'unknown', 'display': 'unknown'}",low,,,
NESTLE COFFEE MATE CREAMER 1 KG,0.2395,0,0,alfatah.pk,Nestle,instant,"{'value': 1.0, 'unit': 'g', 'display': '1g'}",low,,,
BIXY FUDGE TOFFEE  COFFEE 90 GM,0.195,0,0,alfatah.pk,Unknown,instant,"{'value': 0, 'unit': 'unknown', 'display': 'unknown'}",low,,,
NAWON COFFEE DRINK LATTE 280 ML,0.545,0,0,alfatah.pk,Unknown,instant,"{'value': 0, 'unit': 'unknown', 'display': 'unknown'}",low,,,
NESCAFE COFFEE ORIGINAL EXTRA FORTE 190 GM,0.2395,0,0,alfatah.pk,Nescafe,instant,"{'value': 0, 'unit': 'unknown', 'display': 'unknown'}",low,,,
NESCAFE COFFEE MATINAL 200 GM,0.2395,0,0,alfatah.pk,Nescafe,instant,"{'value': 0, 'unit': 'unknown', 'display': 'unknown'}",low,,,
PHILIPS COFFEE MAKER HD7762,0.0,0,0,alfatah.pk,Unknown,instant,"{'value': 0, 'unit': 'unknown', 'display': 'unknown'}",low,,,
NESCAFE COFFEE CLASSIC WITH STRONG TASTE 100 GM,0.1495,0,0,alfatah.pk,Nescafe,instant,"{'value': 0, 'unit': 'unknown', 'display': 'unknown'}",low,,,
GEEPAS COFFEE GRINDER JCG206,0.65,0,0,alfatah.pk,Unknown,ground,"{'value': 0, 'unit': 'unknown', 'display': 'unknown'}",low,,,
KRUPS COFFEE MAKER EA894T40,0.0,0,0,alfatah.pk,Unknown,instant,"{'value': 0, 'unit': 'unknown', 'display': 'unknown'}",low,,,
NESTLE COFFEE MATE HAZELNUT SUGAR FREE 290.1 GM,0.2695,0,0,alfatah.pk,Nestle,instant,"{'value': 0, 'unit': 'unknown', 'display': 'unknown'}",low,,,
ARIETE COFFEE MAKER ART1369,0.0,0,0,alfatah.pk,Unknown,instant,"{'value': 0, 'unit': 'unknown', 'display': 'unknown'}",low,,,
DELONGHI COFFEE MAKER BCO421S,0.749,0,0,alfatah.pk,Unknown,instant,"{'value': 0, 'unit': 'unknown', 'display': 'unknown'}",low,,,
BRAUN COFFEE MAKER KF3100,0.249,0,0,alfatah.pk,Unknown,instant,"{'value': 0, 'unit': 'unknown', 'display': 'unknown'}",low,,,
SAGE COFFEE MAKER SES880BSS,0.519,0,0,alfatah.pk,Unknown,instant,"{'value': 0, 'unit': 'unknown', 'display': 'unknown'}",low,,,
DELONGHI COFFEE MAKER ECAM610.75MB,0.449,0,0,alfatah.pk,Unknown,instant,"{'value': 0, 'unit': 'unknown', 'display': 'unknown'}",low,,,
COFFEE PLUNGER PRESTIGE PR48132,0.7995,0,0,alfatah.pk,Unknown,instant,"{'value': 0, 'unit': 'unknown', 'display': 'unknown'}",low,,,
HAVEN COFFEE COOKIES POUCH,0.5,0,0,alfatah.pk,Unknown,instant,"{'value': 0, 'unit': 'unknown', 'display': 'unknown'}",low,,,
SUPER TOWEL COFFEE 70X140CM,0.1595,0,0,alfatah.pk,Unknown,instant,"{'value': 0, 'unit': 'unknown', 'display': 'unknown'}",low,,,
COFFEE PLUNGER CHAMBORD B1928016,0.129,0,0,alfatah.pk,Unknown,instant,"{'value': 0, 'unit': 'unknown', 'display': 'unknown'}",low,,,
COFFEE PLUNGER PRESTIGE PR48179,0.125,0,0,alfatah.pk,Unknown,instant,"{'value': 0, 'unit': 'unknown', 'display': 'unknown'}",low,,,
SANFORD COFFEE GRINDER SF5651CG,0.115,0,0,alfatah.pk,Unknown,ground,"{'value': 0, 'unit': 'unknown', 'display': 'unknown'}",low,,,
7600310506 TEFAL COFFEE EXPRESS..,0.3795,0,0,alfatah.pk,Unknown,instant,"{'value': 0, 'unit': 'unknown', 'display': 'unknown'}",low,,,
NESTLE COFFEE MATE RICHER AND CREAMIER ORIGINAL 400 GM,0.1295,0,0,alfatah.pk,Nestle,instant,"{'value': 0, 'unit': 'unknown', 'display': 'unknown'}",low,,,
DELONGHI COFFEE MACHINE EC885.BG,0.699,0,0,alfatah.pk,Unknown,instant,"{'value': 0, 'unit': 'unknown', 'display': 'unknown'}",low,,,
NESCAFE COFFEE GOLD 47.5 GM,0.1195,0,0,alfatah.pk,Nescafe,instant,"{'value': 0, 'unit': 'unknown', 'display': 'unknown'}",low,,,
WEST POINT COFFEE GRINDER WF9225,0.99,0,0,alfatah.pk,Unknown,ground,"{'value': 0, 'unit': 'unknown', 'display': 'unknown'}",low,,,
NESTLE COFFEE MATE CHOCOLATE CREME GLUTEN FREE 425.2 GM,0.2695,0,0,alfatah.pk,Nestle,instant,"{'value': 0, 'unit': 'unknown', 'display': 'unknown'}",low,,,
NESCAFE COFFEE CHILLED MOCHA LIQUID 200 ML,0.11,0,0,alfatah.pk,Nescafe,instant,"{'value': 0, 'unit': 'unknown', 'display': 'unknown'}",low,,,
STARBUCKS COFFEE COLOMBIA 57 GM,0.3195,0,0,alfatah.pk,Unknown,instant,"{'value': 0, 'unit': 'unknown', 'display': 'unknown'}",low,,,
WEST POINT COFFEE GRINDER 9227,0.84,0,0,alfatah.pk,Unknown,ground,"{'value': 0, 'unit': 'unknown', 'display': 'unknown'}",low,,,
SMEG EXPRESSO COFFEE MAKER ECF01RDUK,0.0,0,0,alfatah.pk,Unknown,instant,"{'value': 0, 'unit': 'unknown', 'display': 'unknown'}",low,,,
DELONGHI COFFEE MAKER 685R BASIC,0.649,0,0,alfatah.pk,Unknown,instant,"{'value': 0, 'unit': 'unknown', 'display': 'unknown'}",low,,,
PHILIPS COFFEE MAKER EP3246/70,0.2189,0,0,alfatah.pk,Unknown,instant,"{'value': 0, 'unit': 'unknown', 'display': 'unknown'}",low,,,
WEST POINT COFFEE MAKER 2025,0.469,0,0,alfatah.pk,Unknown,instant,"{'value': 0, 'unit': 'unknown', 'display': 'unknown'}",low,,,
SAYONA COFFEE MAKER SICM-4458,0.0,0,0,alfatah.pk,Unknown,instant,"{'value': 0, 'unit': 'unknown', 'display': 'unknown'}",low,,,
BOSCH COFFEE MACHINE AUTOMATIC TIS30321GB,0.0,0,0,alfatah.pk,Unknown,instant,"{'value': 0, 'unit': 'unknown', 'display': 'unknown'}",low,,,
RUSSELL HOBBS COFFEE MAKER 22000,0.0,0,0,alfatah.pk,Unknown,instant,"{'value': 0, 'unit': 'unknown', 'display': 'unknown'}",low,,,
STARBUCKS COFFEE BLONDE 51 GM,0.3195,0,0,alfatah.pk,Unknown,instant,"{'value': 0, 'unit': 'unknown', 'display': 'unknown'}",low,,,
STARBUCKS COFFEE SUMATRA 55 GM,0.3195,0,0,alfatah.pk,Unknown,instant,"{'value': 0, 'unit': 'unknown', 'display': 'unknown'}",low,,,
STARBUCKS COFFEE GUATEMALA 52 GM,0.3195,0,0,alfatah.pk,Unknown,instant,"{'value': 0, 'unit': 'unknown', 'display': 'unknown'}",low,,,
TRU BRU CLASSIC COFFEE 200GMS,0.2895,0,0,alfatah.pk,Unknown,instant,"{'value': 0, 'unit': 'unknown', 'display': 'unknown'}",low,,,
DELONGHI COFFEE MAKER BCO431.S,0.899,0,0,alfatah.pk,Unknown,instant,"{'value': 0, 'unit': 'unknown', 'display': 'unknown'}",low,,,
INDO CAFE COFFEE INSTANT GOURMET 50 GM,0.595,0,0,alfatah.pk,Unknown,instant,"{'value': 0, 'unit': 'unknown', 'display': 'unknown'}",low,,,
COFFEE TABLE IR CT-181,0.0,0,0,alfatah.pk,Unknown,instant,"{'value': 0, 'unit': 'unknown', 'display': 'unknown'}",low,,,
COFFEE TABLE IR CT-145,0.0,0,0,alfatah.pk,Unknown,instant,"{'value': 0, 'unit': 'unknown', 'display': 'unknown'}",low,,,
BISCONNI COFFEE CAKE 30 GM,0.5,0,0,alfatah.pk,Unknown,instant,"{'value': 0, 'unit': 'unknown', 'display': 'unknown'}",low,,,
FF COFFEE BISCUITS 300 GM,0.595,0,0,alfatah.pk,Unknown,instant,"{'value': 0, 'unit': 'unknown', 'display': 'unknown'}",low,,,
SONIFER COFFEE GRINDER SF-3543,0.89,0,0,alfatah.pk,Unknown,ground,"{'value': 0, 'unit': 'unknown', 'display': 'unknown'}",low,,,
SUPER TOWEL COFFEE 50X100 CM,0.795,0,0,alfatah.pk,Unknown,instant,"{'value': 0, 'unit': 'unknown', 'display': 'unknown'}",low,,,
BRB COFFEE SHOP & DOLL GMW03,0.13295,0,0,alfatah.pk,Coffee Shop,instant,"{'value': 0, 'unit': 'unknown', 'display': 'unknown'}",low,,,
COFFEE PLUNGER HEREVIN 131063-004,0.1295,0,0,alfatah.pk,Unknown,instant,"{'value': 0, 'unit': 'unknown', 'display': 'unknown'}",low,,,
COFFEE POT ALPEN BERG SM043,0.179,0,0,alfatah.pk,Unknown,instant,"{'value': 0, 'unit': 'unknown', 'display': 'unknown'}",low,,,
HAIR MANTRA COFFEE APRICOT SCRUB,0.0,0,0,alfatah.pk,Unknown,instant,"{'value': 0, 'unit': 'unknown', 'display': 'unknown'}",low,,,
COFFEE PLUNGER HEREVIN 131064-002,0.1695,0,0,alfatah.pk,Unknown,instant,"{'value': 0, 'unit': 'unknown', 'display': 'unknown'}",low,,,
COFFEE PLUNGER HEREVIN 131065-002,0.1995,0,0,alfatah.pk,Unknown,instant,"{'value': 0, 'unit': 'unknown', 'display': 'unknown'}",low,,,
COFFEE PLUNGER HEREVIN 131064-004,0.1695,0,0,alfatah.pk,Unknown,instant,"{'value': 0, 'unit': 'unknown', 'display': 'unknown'}",low,,,
COFFEE PLUNGER HEREVIN 131063-002,0.1295,0,0,alfatah.pk,Unknown,instant,"{'value': 0, 'unit': 'unknown', 'display': 'unknown'}",low,,,
TORRAS DARK CHOCOLATE WITH COFFEE 75G,0.995,0,0,alfatah.pk,Unknown,instant,"{'value': 75.0, 'unit': 'g', 'display': '75g'}",low,,,
PRIVATE CLUB COFFEE HAZELNUT 100 GM,0.1145,0,0,alfatah.pk,Unknown,instant,"{'value': 0, 'unit': 'unknown', 'display': 'unknown'}",low,,,
Super Towel Coffee 90X150 Cm,0.2095,0,0,alfatah.pk,Unknown,instant,"{'value': 0, 'unit': 'unknown', 'display': 'unknown'}",low,,,
NESTLE COFFEE MATE HAZELNUT 425.2 GM,0.2495,0,0,alfatah.pk,Nestle,instant,"{'value': 0, 'unit': 'unknown', 'display': 'unknown'}",low,,,
NESCAFE COFFEE CHILLED MOCHA LIQUID 200 ML-CARTON,0.264,0,0,alfatah.pk,Nescafe,instant,"{'value': 0, 'unit': 'unknown', 'display': 'unknown'}",low,,,
NESCAFE COFFEE ORIGINAL EXTRAFORTE 100 GM,0.1595,0,0,alfatah.pk,Nescafe,instant,"{'value': 0, 'unit': 'unknown', 'display': 'unknown'}",low,,,
MUG COFFEE CERAMIC WITH SPOON SD40987P,0.695,0,0,alfatah.pk,Unknown,instant,"{'value': 0, 'unit': 'unknown', 'display': 'unknown'}",low,,,
MOVENPICK COFFEE GOLD INTENSE 100 GM,0.1995,0,0,alfatah.pk,Unknown,instant,"{'value': 0, 'unit': 'unknown', 'display': 'unknown'}",low,,,
STARBUCKS COFFEE HOUSE BLEND 57 GM,0.3195,0,0,alfatah.pk,Coffee House,instant,"{'value': 0, 'unit': 'unknown', 'display': 'unknown'}",low,,,
MOVENPICK COFFEE GOLD INTENSE 200 GM,0.3495,0,0,alfatah.pk,Unknown,instant,"{'value': 0, 'unit': 'unknown', 'display': 'unknown'}",low,,,
BON AROMA COFFEE CLASSIC 100 GM,0.1495,0,0,alfatah.pk,Unknown,instant,"{'value': 0, 'unit': 'unknown', 'display': 'unknown'}",low,,,
PRIVATE CLUB COFFEE CARAMEL 100 GM,0.1145,0,0,alfatah.pk,Unknown,instant,"{'value': 0, 'unit': 'unknown', 'display': 'unknown'}",low,,,
PRIVATE CLUB COFFEE CARAMEL 50 GM,0.595,0,0,alfatah.pk,Unknown,instant,"{'value': 0, 'unit': 'unknown', 'display': 'unknown'}",low,,,
PRIVATE CLUB COFFEE ESPRESSO 50 GM,0.595,0,0,alfatah.pk,Espresso,instant,"{'value': 0, 'unit': 'unknown', 'display': 'unknown'}",low,,,
PRIVATE CLUB COFFEE CINNAMON 50 GM,0.595,0,0,alfatah.pk,Unknown,instant,"{'value': 0, 'unit': 'unknown', 'display': 'unknown'}",low,,,
KOPIKO COFFEE GRANDE CAPPUCCINO 30 GM,0.165,0,0,alfatah.pk,Unknown,instant,"{'value': 0, 'unit': 'unknown', 'display': 'unknown'}",low,,,
DELONGHI COFFEE MACHINE ECAM 450.65.S,0.365,0,0,alfatah.pk,Unknown,instant,"{'value': 0, 'unit': 'unknown', 'display': 'unknown'}",low,,,
PRIVATE CLUB COFFEE HAZELNUT 50 GM,0.595,0,0,alfatah.pk,Unknown,instant,"{'value': 0, 'unit': 'unknown', 'display': 'unknown'}",low,,,
BAKERS CHOICE COFFEE CHO MOCHA 500GM,0.695,0,0,alfatah.pk,Unknown,instant,"{'value': 0, 'unit': 'unknown', 'display': 'unknown'}",low,,,
BON AROMA COFFEE CLASSIC 200 GM,0.2395,0,0,alfatah.pk,Unknown,instant,"{'value': 0, 'unit': 'unknown', 'display': 'unknown'}",low,,,
COFFEE SET 9PC CERAMIC 3121B-BLUE,0.99,0,0,alfatah.pk,Unknown,instant,"{'value': 0, 'unit': 'unknown', 'display': 'unknown'}",low,,,
STARBUCKS COFFEE ITALIAN ROAST 51 GM,0.3195,0,0,alfatah.pk,Unknown,instant,"{'value': 0, 'unit': 'unknown', 'display': 'unknown'}",low,,,
STARBUCKS COFFEE PIKE PLACE 51 GM,0.3195,0,0,alfatah.pk,Unknown,instant,"{'value': 0, 'unit': 'unknown', 'display': 'unknown'}",low,,,
STARBUCKS COFFEE BREAKFAST BLEND 56 GM,0.3195,0,0,alfatah.pk,Unknown,instant,"{'value': 0, 'unit': 'unknown', 'display': 'unknown'}",low,,,
STARBUCKS COFFEE ESPRESSO ROAST 57 GM,0.3195,0,0,alfatah.pk,Espresso,instant,"{'value': 0, 'unit': 'unknown', 'display': 'unknown'}",low,,,
KOPIKO COFFEE GRANDE MOCHA 30 GM,0.165,0,0,alfatah.pk,Unknown,instant,"{'value': 0, 'unit': 'unknown', 'display': 'unknown'}",low,,,
NESCAFE COFFEE TRADICAO FORTE 200 GM,0.2395,0,0,alfatah.pk,Nescafe,instant,"{'value': 0, 'unit': 'unknown', 'display': 'unknown'}",low,,,
MOVENPICK COFFEE BEANS ROASTED 500 GM,0.3995,0,0,alfatah.pk,Unknown,beans,"{'value': 0, 'unit': 'unknown', 'display': 'unknown'}",low,,,
MOVENPICK COFFEE EXPRESSO SWITZERLAND 500 ML,0.3995,0,0,alfatah.pk,Unknown,instant,"{'value': 0, 'unit': 'unknown', 'display': 'unknown'}",low,,,
TRU BRU CLASSIC COFFEE 50 GMS,0.795,0,0,alfatah.pk,Unknown,instant,"{'value': 0, 'unit': 'unknown', 'display': 'unknown'}",low,,,
TRU BRU CLASSIC COFFEE 85 GMS,0.1495,0,0,alfatah.pk,Unknown,instant,"{'value': 0, 'unit': 'unknown', 'display': 'unknown'}",low,,,
KLASSNO COFFEE CRME ORIGINAL 300 GM,0.945,0,0,alfatah.pk,Unknown,instant,"{'value': 0, 'unit': 'unknown', 'display': 'unknown'}",low,,,
MOVENPICK COFFEE CREMA SWITZERLAND 500 ML,0.3995,0,0,alfatah.pk,Unknown,instant,"{'value': 0, 'unit': 'unknown', 'display': 'unknown'}",low,,,
STARBUCKS COFFEE VANILLA PODS 51 GM,0.3195,0,0,alfatah.pk,Unknown,capsule/pod,"{'value': 0, 'unit': 'unknown', 'display': 'unknown'}",low,,,
INDOCAFE COFFEE CAPPUCCINO 5IN1 125 GM,0.565,0,0,alfatah.pk,Unknown,instant,"{'value': 0, 'unit': 'unknown', 'display': 'unknown'}",low,,,
NESCAFE COFFEE 3IN1 SACHET 20 GM,0.6,0,0,alfatah.pk,Nescafe,instant,"{'value': 1.0, 'unit': 'count', 'display': '1count'}",low,,,
DAVIDOFF COFFEE FINE AROMA 100 GM,0.2395,0,0,alfatah.pk,Davidoff,instant,"{'value': 0, 'unit': 'unknown', 'display': 'unknown'}",low,,,
DAVIDOFF COFFEE ESPRESSO 57 100 GM,0.2395,0,0,alfatah.pk,Davidoff,instant,"{'value': 0, 'unit': 'unknown', 'display': 'unknown'}",low,,,
DAVIDOFF COFFEE RICH AROMA 100 GM,0.2395,0,0,alfatah.pk,Davidoff,instant,"{'value': 0, 'unit': 'unknown', 'display': 'unknown'}",low,,,
COFFEE PLUNGER ELEGANT 350 ML EL0138,0.2895,0,0,alfatah.pk,Unknown,instant,"{'value': 0, 'unit': 'unknown', 'display': 'unknown'}",low,,,
PRIVATE CLUB COFFEE ESPRESSO 100 GM,0.1145,0,0,alfatah.pk,Espresso,instant,"{'value': 0, 'unit': 'unknown', 'display': 'unknown'}",low,,,
Table Mat Ir Coffee N Brown,0.0,0,0,alfatah.pk,Unknown,instant,"{'value': 0, 'unit': 'unknown', 'display': 'unknown'}",low,,,
COFFEE SPOON SET COCKTAIL 777 PC,0.2495,0,0,alfatah.pk,Unknown,instant,"{'value': 0, 'unit': 'unknown', 'display': 'unknown'}",low,,,
047 FF WHIPPED COFFEE MILK SLIME,0.1095,0,0,alfatah.pk,Unknown,instant,"{'value': 0, 'unit': 'unknown', 'display': 'unknown'}",low,,,
NAWON COFFEE DRINK MOCHA 280 ML,0.545,0,0,alfatah.pk,Unknown,instant,"{'value': 0, 'unit': 'unknown', 'display': 'unknown'}",low,,,
NAWON COFFEE DRINK CARAMEL 280 ML,0.545,0,0,alfatah.pk,Unknown,instant,"{'value': 0, 'unit': 'unknown', 'display': 'unknown'}",low,,,
LS8334K WATER DISPENCER W-COFFEE MACHINE,0.0,0,0,alfatah.pk,Unknown,instant,"{'value': 0, 'unit': 'unknown', 'display': 'unknown'}",low,,,
BIXY FUDGE TOFFEE COFFEE 190 GM,0.32,0,0,alfatah.pk,Unknown,instant,"{'value': 0, 'unit': 'unknown', 'display': 'unknown'}",low,,,
BIXY FUDGE TOFFEE COFFEE 325 GM,0.445,0,0,alfatah.pk,Unknown,instant,"{'value': 0, 'unit': 'unknown', 'display': 'unknown'}",low,,,
FUMA COFFEE GRINDER FU-1759 BASIC,0.129,0,0,alfatah.pk,Unknown,ground,"{'value': 0, 'unit': 'unknown', 'display': 'unknown'}",low,,,
MUG COFFEE HOT & COOL 510ML LC1959,0.1695,0,0,alfatah.pk,Unknown,instant,"{'value': 510.0, 'unit': 'ml', 'display': '510ml'}",low,,,
GULLON CREME TROPICAL MORNING COFFEE 200G,0.695,0,0,alfatah.pk,Unknown,instant,"{'value': 200.0, 'unit': 'g', 'display': '200g'}",low,,,
COFFEE POT ROYAL ALBERT OCR LARGE,0.349,0,0,alfatah.pk,Unknown,instant,"{'value': 0, 'unit': 'unknown', 'display': 'unknown'}",low,,,
COFFEE SET 9PC CERAMIC ABC17 WHITE,0.105,0,0,alfatah.pk,Unknown,instant,"{'value': 0, 'unit': 'unknown', 'display': 'unknown'}",low,,,
COFFEE SET 9PC CERAMIC ABC23 GREEN,0.105,0,0,alfatah.pk,Unknown,instant,"{'value': 0, 'unit': 'unknown', 'display': 'unknown'}",low,,,
COFFEE SET 9PC CERAMIC ABC24 WHTIE,0.105,0,0,alfatah.pk,Unknown,instant,"{'value': 0, 'unit': 'unknown', 'display': 'unknown'}",low,,,
COFFEE SET 9PC CERAMIC ABC18 BLACK,0.105,0,0,alfatah.pk,Unknown,instant,"{'value': 0, 'unit': 'unknown', 'display': 'unknown'}",low,,,
COFFEE SET 9PC CERAMIC ABC33 GREY,0.105,0,0,alfatah.pk,Unknown,instant,"{'value': 0, 'unit': 'unknown', 'display': 'unknown'}",low,,,
COFFEE SET 8PC ECHOU GPH86/L8HS,0.3495,0,0,alfatah.pk,Unknown,instant,"{'value': 0, 'unit': 'unknown', 'display': 'unknown'}",low,,,
COFFEE SET 8PC ECHOU GPH20/L8HB,0.3995,0,0,alfatah.pk,Unknown,instant,"{'value': 0, 'unit': 'unknown', 'display': 'unknown'}",low,,,
MUG COFFEE HOT & COOL 550ML SW1914,0.1795,0,0,alfatah.pk,Unknown,instant,"{'value': 550.0, 'unit': 'ml', 'display': '550ml'}",low,,,
MUG COFFEE HOT & COOL 430ML SW1913,0.1695,0,0,alfatah.pk,Unknown,instant,"{'value': 430.0, 'unit': 'ml', 'display': '430ml'}",low,,,
MUG COFFEE HOT & COOL 450ML LC2016,0.1695,0,0,alfatah.pk,Unknown,instant,"{'value': 450.0, 'unit': 'ml', 'display': '450ml'}",low,,,
COFFEE SET 8PC ECHOU GPH20/L8HS,0.3995,0,0,alfatah.pk,Unknown,instant,"{'value': 0, 'unit': 'unknown', 'display': 'unknown'}",low,,,
COFFEE SET 8PC ECHOU GPH20/L8HA,0.3995,0,0,alfatah.pk,Unknown,instant,"{'value': 0, 'unit': 'unknown', 'display': 'unknown'}",low,,,
AROMA CAR NATURE BAG COFFEE 12.5GM,0.495,0,0,alfatah.pk,Unknown,instant,"{'value': 0, 'unit': 'unknown', 'display': 'unknown'}",low,,,
MARSHMALLOW NAIL LACQUER COFFEE BROWN 15ML,0.895,0,0,alfatah.pk,Unknown,instant,"{'value': 15.0, 'unit': 'ml', 'display': '15ml'}",low,,,
Ls820K38 Happy Family Coffee Machine H.D,0.2595,0,0,alfatah.pk,Unknown,instant,"{'value': 0, 'unit': 'unknown', 'display': 'unknown'}",low,,,
COFFEE SPOON ANTIQUE 12PC SET 133,0.1395,0,0,alfatah.pk,Unknown,instant,"{'value': 0, 'unit': 'unknown', 'display': 'unknown'}",low,,,
MOULINEX COFFEE MAKER AGC2N7,0.189,0,0,alfatah.pk,Unknown,instant,"{'value': 0, 'unit': 'unknown', 'display': 'unknown'}",low,,,
SAYONA COFFEE MAKER SEM4435,0.0,0,0,alfatah.pk,Unknown,instant,"{'value': 0, 'unit': 'unknown', 'display': 'unknown'}",low,,,
Coffee Table Ir D203B A+B Silver,0.0,0,0,alfatah.pk,Unknown,instant,"{'value': 0, 'unit': 'unknown', 'display': 'unknown'}",low,,,
Coffee Table Ir D5111 A+B Silver,0.0,0,0,alfatah.pk,Unknown,instant,"{'value': 0, 'unit': 'unknown', 'display': 'unknown'}",low,,,
MOVENPICK COFFEE GOLD ORIGINAL 200 GM,0.3495,0,0,alfatah.pk,Unknown,instant,"{'value': 0, 'unit': 'unknown', 'display': 'unknown'}",low,,,
SALMANS TOPPING COFFEE FLAVOUR 623 GM,0.635,0,0,alfatah.pk,Unknown,instant,"{'value': 0, 'unit': 'unknown', 'display': 'unknown'}",low,,,
NESCAFE GOLD COFFEE CAPPUCCINO DECAF EXTRA CREAM 125 GM,0.1595,0,0,alfatah.pk,Nescafe,instant,"{'value': 0, 'unit': 'unknown', 'display': 'unknown'}",low,,,
SAUCER COFFEE CAMEO 21080S,0.495,0,0,alfatah.pk,Unknown,instant,"{'value': 0, 'unit': 'unknown', 'display': 'unknown'}",low,,,
FUMA COFFEE GRINDER FU2052,0.189,0,0,alfatah.pk,Unknown,ground,"{'value': 0, 'unit': 'unknown', 'display': 'unknown'}",low,,,
NESCAFE COFFEE CLASSIC DOUBLE FILTER 50 GM,0.945,0,0,alfatah.pk,Nescafe,instant,"{'value': 0, 'unit': 'unknown', 'display': 'unknown'}",low,,,
KLASSNO COFFEE CLASSIC PREMIUM BLEND 100 GM,0.1465,0,0,alfatah.pk,Unknown,instant,"{'value': 0, 'unit': 'unknown', 'display': 'unknown'}",low,,,
DR BECKMANN COFFEE MACHINE CLEANING TABS 6PCS,0.1045,0,0,alfatah.pk,Unknown,instant,"{'value': 0, 'unit': 'unknown', 'display': 'unknown'}",low,,,
TAPAL INSTA BREW 3IN1 INSTANT COFFEE 25GM,0.99,0,0,alfatah.pk,Tapal,instant,"{'value': 0, 'unit': 'unknown', 'display': 'unknown'}",low,,,
KLASSNO COFFEE CLASSIC PREMIUM BLEND 200 GM,0.2495,0,0,alfatah.pk,Unknown,instant,"{'value': 0, 'unit': 'unknown', 'display': 'unknown'}",low,,,
NESCAFE GOLD COFFEE CAPPUCCINO 8PC 124 GM,0.1695,0,0,alfatah.pk,Nescafe,instant,"{'value': 0, 'unit': 'unknown', 'display': 'unknown'}",low,,,
NESCAFE COFFEE CLASSIC ORIGINAL 200 GM,0.3845,0,0,alfatah.pk,Nescafe,instant,"{'value': 0, 'unit': 'unknown', 'display': 'unknown'}",low,,,
NESCAFE COFFEE CLASSIC ORIGINAL 50 GM,0.1095,0,0,alfatah.pk,Nescafe,instant,"{'value': 0, 'unit': 'unknown', 'display': 'unknown'}",low,,,
KOPIKO MINI COFFEE CANDY TIN 165 GM,0.565,0,0,alfatah.pk,Unknown,instant,"{'value': 0, 'unit': 'unknown', 'display': 'unknown'}",low,,,
KOPIKO CANDY COFFEE SHOT CLASSIC 140 GM,0.295,0,0,alfatah.pk,Unknown,instant,"{'value': 0, 'unit': 'unknown', 'display': 'unknown'}",low,,,
COFFEE CUP WITH LID IR 6PC HJ2010,0.445,0,0,alfatah.pk,Unknown,instant,"{'value': 0, 'unit': 'unknown', 'display': 'unknown'}",low,,,
COFFEE CUP WITH LID IR 20PC HJ2911,0.395,0,0,alfatah.pk,Unknown,instant,"{'value': 0, 'unit': 'unknown', 'display': 'unknown'}",low,,,
Coffee Table Ir D-205 Gold/Black,0.0,0,0,alfatah.pk,Unknown,instant,"{'value': 0, 'unit': 'unknown', 'display': 'unknown'}",low,,,
PRIVATE CLUB COFFEE FRENCH VANILLA 50 GM,0.595,0,0,alfatah.pk,Unknown,instant,"{'value': 0, 'unit': 'unknown', 'display': 'unknown'}",low,,,
NESCAFE GOLD COFFEE HAZELNUT LATTE 136 GM,0.1595,0,0,alfatah.pk,Nescafe,instant,"{'value': 0, 'unit': 'unknown', 'display': 'unknown'}",low,,,
NESTLE COFFEE MATE CARAMEL MACCHIATO 425.2 GM,0.2695,0,0,alfatah.pk,Nestle,instant,"{'value': 0, 'unit': 'unknown', 'display': 'unknown'}",low,,,
COFFEE SET 9PC IR TZ183 16000-18,0.139,0,0,alfatah.pk,Unknown,instant,"{'value': 0, 'unit': 'unknown', 'display': 'unknown'}",low,,,
MOVENPICK COFFEE GOLD ORIGINAL ARABICA 100 GM,0.1995,0,0,alfatah.pk,Unknown,instant,"{'value': 0, 'unit': 'unknown', 'display': 'unknown'}",low,,,
MOVENPICK COFFEE GOLD DECAF ARABICA 100 GM,0.2095,0,0,alfatah.pk,Unknown,instant,"{'value': 0, 'unit': 'unknown', 'display': 'unknown'}",low,,,
STARBUCKS COFFEE ITALIAN STYLE ROAST 56 GM,0.3195,0,0,alfatah.pk,Unknown,instant,"{'value': 0, 'unit': 'unknown', 'display': 'unknown'}",low,,,
KOPIKO COFFEE GRANDE LATTE CARAMEL 29 GM,0.165,0,0,alfatah.pk,Unknown,instant,"{'value': 0, 'unit': 'unknown', 'display': 'unknown'}",low,,,
STARBUCKS COFFEE CAFFE VERONA RISTRETTO 55 GM,0.3195,0,0,alfatah.pk,Unknown,instant,"{'value': 0, 'unit': 'unknown', 'display': 'unknown'}",low,,,
INDOCAFE COFFEE ORIGINAL BLEND POUCH 50X2 GM,0.1175,0,0,alfatah.pk,Unknown,instant,"{'value': 0, 'unit': 'unknown', 'display': 'unknown'}",low,,,
NESCAFE GOLD COFFEE LATTE VANILLA 148 GM,0.1595,0,0,alfatah.pk,Nescafe,instant,"{'value': 0, 'unit': 'unknown', 'display': 'unknown'}",low,,,
NESCAFE GOLD COFFEE LATTE CARAMEL 136 GM,0.1695,0,0,alfatah.pk,Nescafe,instant,"{'value': 0, 'unit': 'unknown', 'display': 'unknown'}",low,,,
INDO CREAMER COFFEE NON DAIRY 100 GM,0.475,0,0,alfatah.pk,Unknown,instant,"{'value': 0, 'unit': 'unknown', 'display': 'unknown'}",low,,,
KLASSNO COFFEE GOLD CAPPUCCINO 10PC 200 GM,0.1295,0,0,alfatah.pk,Unknown,instant,"{'value': 0, 'unit': 'unknown', 'display': 'unknown'}",low,,,
NESCAFE GOLD COFFEE CAPPUCCINO 10PC 125 GM,0.1695,0,0,alfatah.pk,Nescafe,instant,"{'value': 0, 'unit': 'unknown', 'display': 'unknown'}",low,,,
NESCAFE COFFEE SALTED CARAMEL ICE 23 GM,0.9,0,0,alfatah.pk,Nescafe,instant,"{'value': 0, 'unit': 'unknown', 'display': 'unknown'}",low,,,
NESCAFE GOLD COFFEE IRISH LATTE 158.4 GM,0.1695,0,0,alfatah.pk,Nescafe,instant,"{'value': 0, 'unit': 'unknown', 'display': 'unknown'}",low,,,
NESCAFE GOLD COFFEE LATTE 8PC 144 GM,0.1695,0,0,alfatah.pk,Nescafe,instant,"{'value': 0, 'unit': 'unknown', 'display': 'unknown'}",low,,,
PRIVATE CLUB COFFEE ALMOND FLAVOUR 50 GM,0.595,0,0,alfatah.pk,Unknown,instant,"{'value': 0, 'unit': 'unknown', 'display': 'unknown'}",low,,,
KLASSNO COFFEE CAPPUCCINO WITH CHOCO SPRINKLE 23 GM,0.125,0,0,alfatah.pk,Unknown,instant,"{'value': 0, 'unit': 'unknown', 'display': 'unknown'}",low,,,
BOYS JOGGER IR 37-41 COFFEE 9017,0.3995,0,0,alfatah.pk,Unknown,instant,"{'value': 0, 'unit': 'unknown', 'display': 'unknown'}",low,,,
MUG COFFEE STEEL IR 500 ML CY067,0.2995,0,0,alfatah.pk,Unknown,instant,"{'value': 0, 'unit': 'unknown', 'display': 'unknown'}",low,,,
BISCONNI COFFEE COOKIES DAY DREAM 20 GM,0.3,0,0,alfatah.pk,Unknown,instant,"{'value': 0, 'unit': 'unknown', 'display': 'unknown'}",low,,,
TAYAS CANDY COFFEE DAMLA BAG 90 GM,0.32,0,0,alfatah.pk,Unknown,instant,"{'value': 0, 'unit': 'unknown', 'display': 'unknown'}",low,,,
MUG COFFEE STEEL IR 450 ML CY051,0.2595,0,0,alfatah.pk,Unknown,instant,"{'value': 0, 'unit': 'unknown', 'display': 'unknown'}",low,,,
FOXS CANDY COFFEE CREAMY BLEND 90 GM,0.345,0,0,alfatah.pk,Unknown,instant,"{'value': 0, 'unit': 'unknown', 'display': 'unknown'}",low,,,
NESCAFE COFFEE DRINK KOPI-O 240 ML,0.345,0,0,alfatah.pk,Nescafe,instant,"{'value': 0, 'unit': 'unknown', 'display': 'unknown'}",low,,,
POPBAR COFFEE ICE CREAM CUP 125 ML,0.0,0,0,alfatah.pk,Unknown,instant,"{'value': 0, 'unit': 'unknown', 'display': 'unknown'}",low,,,
POPBAR COFFEE ICE CREAM CUP 475 ML,0.0,0,0,alfatah.pk,Unknown,instant,"{'value': 0, 'unit': 'unknown', 'display': 'unknown'}",low,,,
COFFEE SET 9PC CERAMIC DFY-TS001 AE,0.219,0,0,alfatah.pk,Unknown,instant,"{'value': 0, 'unit': 'unknown', 'display': 'unknown'}",low,,,
COFFEE SET 9PC CERAMIC DFY-TS008 AE,0.195,0,0,alfatah.pk,Unknown,instant,"{'value': 0, 'unit': 'unknown', 'display': 'unknown'}",low,,,
COFFEE SET 9PC CERAMIC DFY-TS004 AE,0.195,0,0,alfatah.pk,Unknown,instant,"{'value': 0, 'unit': 'unknown', 'display': 'unknown'}",low,,,
COFFEE SET 9PC CERAMIC DFY-TS005 AE,0.195,0,0,alfatah.pk,Unknown,instant,"{'value': 0, 'unit': 'unknown', 'display': 'unknown'}",low,,,
COFFEE SET 9PC CERAMIC DFY-TS006 AE,0.195,0,0,alfatah.pk,Unknown,instant,"{'value': 0, 'unit': 'unknown', 'display': 'unknown'}",low,,,
COFFEE SET 9PC CERAMIC DFY-TS007 AE,0.195,0,0,alfatah.pk,Unknown,instant,"{'value': 0, 'unit': 'unknown', 'display': 'unknown'}",low,,,
COFFEE SET 9PC CERAMIC DFY-TS009 AE,0.195,0,0,alfatah.pk,Unknown,instant,"{'value': 0, 'unit': 'unknown', 'display': 'unknown'}",low,,,
COFFEE SET 9PC CERAMIC DFY-TS003 AE,0.195,0,0,alfatah.pk,Unknown,instant,"{'value': 0, 'unit': 'unknown', 'display': 'unknown'}",low,,,
COFFEE SET 9PC CERAMIC DFY-TS002 AE,0.219,0,0,alfatah.pk,Unknown,instant,"{'value': 0, 'unit': 'unknown', 'display': 'unknown'}",low,,,
COFFEE SET ROYAL BISTRO 15PC 24-15A,0.199,0,0,alfatah.pk,Unknown,instant,"{'value': 0, 'unit': 'unknown', 'display': 'unknown'}",low,,,
COFFEE SET ROYAL BISTRO 15PC C24-15,0.199,0,0,alfatah.pk,Unknown,instant,"{'value': 0, 'unit': 'unknown', 'display': 'unknown'}",low,,,
BEAN & BEYOND COFFEE DRINK VANILLA 280 ML,0.635,0,0,alfatah.pk,Unknown,beans,"{'value': 0, 'unit': 'unknown', 'display': 'unknown'}",low,,,
COFFEE SET 9PC CERAMIC YLG1231 RED IM,0.129,0,0,alfatah.pk,Unknown,instant,"{'value': 0, 'unit': 'unknown', 'display': 'unknown'}",low,,,
INNOVATIVE HAVEN COFFEE COOKIES BISCUIT 132 GM,0.2,0,0,alfatah.pk,Unknown,instant,"{'value': 0, 'unit': 'unknown', 'display': 'unknown'}",low,,,
MANO BENTONITE CAT LITTER COFFEE 5 LTR,0.845,0,0,alfatah.pk,Unknown,instant,"{'value': 0, 'unit': 'unknown', 'display': 'unknown'}",low,,,
COFFEE SPOON ROYAL BISTRO GOLD IR 2008,0.695,0,0,alfatah.pk,Unknown,instant,"{'value': 0, 'unit': 'unknown', 'display': 'unknown'}",low,,,
310544 SMOBY MINI TEFAL COFFEE MAKER D,0.4395,0,0,alfatah.pk,Unknown,instant,"{'value': 0, 'unit': 'unknown', 'display': 'unknown'}",low,,,
ST.IVES SCRUB ENERGIZING COCONUT & COFFEE 170 GM,0.0,0,0,alfatah.pk,Unknown,instant,"{'value': 0, 'unit': 'unknown', 'display': 'unknown'}",low,,,
COFFEE SET 9PC CERAMIC ABC22 NAVY BLUE,0.105,0,0,alfatah.pk,Unknown,instant,"{'value': 0, 'unit': 'unknown', 'display': 'unknown'}",low,,,
COFFEE SET 9PC CERAMIC ABC19 NAVY BLUE,0.105,0,0,alfatah.pk,Unknown,instant,"{'value': 0, 'unit': 'unknown', 'display': 'unknown'}",low,,,
COFFEE SET 9PC CERAMIC REVOLVING ABC9 WHITE,0.105,0,0,alfatah.pk,Unknown,instant,"{'value': 0, 'unit': 'unknown', 'display': 'unknown'}",low,,,
COFFEE SET 9PC CERAMIC SHINE COLLECTION SL19505D,0.89,0,0,alfatah.pk,Unknown,instant,"{'value': 0, 'unit': 'unknown', 'display': 'unknown'}",low,,,
COFFEE SET 9PC CERAMIC SHINE COLLECTION SL19505G,0.89,0,0,alfatah.pk,Unknown,instant,"{'value': 19505.0, 'unit': 'g', 'display': '19505g'}",low,,,
MUG COFFEE HOT & COOL CILLE 700ML XB23144,0.3195,0,0,alfatah.pk,Unknown,instant,"{'value': 700.0, 'unit': 'ml', 'display': '700ml'}",low,,,
MUG COFFEE HOT & COOL 420ML DYB-941,0.1795,0,0,alfatah.pk,Unknown,instant,"{'value': 420.0, 'unit': 'ml', 'display': '420ml'}",low,,,
COFFEE SET 10PC CERAMIC LMSJ-2401H GREY,0.125,0,0,alfatah.pk,Unknown,instant,"{'value': 0, 'unit': 'unknown', 'display': 'unknown'}",low,,,
Ls8352K Happy Family Coffee Machine Set H.D,0.2995,0,0,alfatah.pk,Unknown,instant,"{'value': 0, 'unit': 'unknown', 'display': 'unknown'}",low,,,
GOOD DAY COFFEE PACKET CAPPUCCINO 25 GM,0.12,0,0,alfatah.pk,Unknown,instant,"{'value': 0, 'unit': 'unknown', 'display': 'unknown'}",low,,,
BBA BY SULEMAN BY SULEMAN #9 COFFEE BROWN,0.0,0,0,alfatah.pk,Unknown,instant,"{'value': 0, 'unit': 'unknown', 'display': 'unknown'}",low,,,
Coffee Table Ir D-221 A+B Golden,0.0,0,0,alfatah.pk,Unknown,instant,"{'value': 0, 'unit': 'unknown', 'display': 'unknown'}",low,,,
Coffee Table Ir D-205 A+B Silver,0.309,0,0,alfatah.pk,Unknown,instant,"{'value': 0, 'unit': 'unknown', 'display': 'unknown'}",low,,,
Coffee Table Ir Ctn47-52 A+B Basic,0.0,0,0,alfatah.pk,Unknown,instant,"{'value': 0, 'unit': 'unknown', 'display': 'unknown'}",low,,,
KLASSNO COFFEE CLASSIC PREMIUM BLEND 50 GM,0.795,0,0,alfatah.pk,Unknown,instant,"{'value': 0, 'unit': 'unknown', 'display': 'unknown'}",low,,,
BON AROMA COFFEE GOLD BLEND 100 GM,0.1995,0,0,alfatah.pk,Unknown,instant,"{'value': 0, 'unit': 'unknown', 'display': 'unknown'}",low,,,
"Nestle Nescafe 3in1 Coffee, 20g",60.0,0,0,naheed.pk,Nescafe,instant,"{'value': 20.0, 'unit': 'g', 'display': '20g'}",low,,,
"Nestle Nescafe Gold Cappuccino Coffee, 15.5g",150.0,0,0,naheed.pk,Nescafe,instant,"{'value': 5.0, 'unit': 'g', 'display': '5g'}",low,,,
"Nestle Nescafe Chilled Latte Coffee Drink, 200ml",110.0,0,0,naheed.pk,Nescafe,instant,"{'value': 200.0, 'unit': 'ml', 'display': '200ml'}",low,,,
"Nestle Nescafe Classic Coffee, 50g",999.0,0,0,naheed.pk,Nescafe,instant,"{'value': 50.0, 'unit': 'g', 'display': '50g'}",low,,,
"Nestle Nescafe Instant Coffee Choco Hazelnut Ice, 25g",85.0,0,0,naheed.pk,Nescafe,instant,"{'value': 25.0, 'unit': 'g', 'display': '25g'}",low,,,
"Nestle Nescafe 3-In-1 Salted Caramel Ice Coffee Sachet, 23g",85.0,0,0,naheed.pk,Nescafe,instant,"{'value': 23.0, 'unit': 'g', 'display': '23g'}",low,,,
"Nestle Nescafe Classic Coffee, 100g",1900.0,0,0,naheed.pk,Nescafe,instant,"{'value': 100.0, 'unit': 'g', 'display': '100g'}",mid,,,
"Nescafe Classic Instant Coffee Sachet, 1.5g",25.0,0,0,naheed.pk,Nescafe,instant,"{'value': 5.0, 'unit': 'g', 'display': '5g'}",low,,,
"Klassno Classic Premium Blend Coffee Sachet, 1.5g",25.0,0,0,naheed.pk,Unknown,instant,"{'value': 5.0, 'unit': 'g', 'display': '5g'}",low,,,
"Nestle Nescafe Chilled Mocha Coffee Drink, 200ml",110.0,0,0,naheed.pk,Nescafe,instant,"{'value': 200.0, 'unit': 'ml', 'display': '200ml'}",low,,,
"Kopiko Coffee Candy, 140g, Pouch",375.0,0,0,naheed.pk,Unknown,instant,"{'value': 140.0, 'unit': 'g', 'display': '140g'}",low,,,
"Nestle Nescafe Classic Coffee, 200g",3500.0,0,0,naheed.pk,Nescafe,instant,"{'value': 200.0, 'unit': 'g', 'display': '200g'}",premium,,,
"Tapal Insta Brew 3-In-1 Instant Coffee, 1 Count, 25g",100.0,0,0,naheed.pk,Tapal,instant,"{'value': 25.0, 'unit': 'g', 'display': '25g'}",low,,,
"Davidoff Rich Aroma Instant Coffee, 100g",2499.0,0,0,naheed.pk,Davidoff,instant,"{'value': 100.0, 'unit': 'g', 'display': '100g'}",mid,,,
"Bombay Fresh Bakers Coffee Cake, 1 Pound",620.0,0,0,naheed.pk,Unknown,instant,"{'value': 0, 'unit': 'unknown', 'display': 'unknown'}",low,,,
"Reload Coffee & Almond Granola Bars, High Fiber & Protein, Gluten Free, 40g",180.0,0,0,naheed.pk,Unknown,instant,"{'value': 40.0, 'unit': 'g', 'display': '40g'}",low,,,
"St. Ives Energizing Coconut & Coffee Scrub, Tube, Paraben & Oil Free, 170g",1000.0,0,0,naheed.pk,Unknown,instant,"{'value': 170.0, 'unit': 'g', 'display': '170g'}",low,,,
"Nestle Nescafe Chilled Hazelnut Coffee Drink, 220ml Pet Bottle",160.0,0,0,naheed.pk,Nescafe,instant,"{'value': 220.0, 'unit': 'ml', 'display': '220ml'}",low,,,
"Nestle Nescafe Gold Coffee, 95g Imported",1650.0,0,0,naheed.pk,Nescafe,instant,"{'value': 95.0, 'unit': 'g', 'display': '95g'}",mid,,,
"Davidoff Fine Aroma Instant Coffee, 100g",2499.0,0,0,naheed.pk,Davidoff,instant,"{'value': 100.0, 'unit': 'g', 'display': '100g'}",mid,,,
"Nestle Nescafe Classic Coffee Pouch, 50g",580.0,0,0,naheed.pk,Nescafe,instant,"{'value': 50.0, 'unit': 'g', 'display': '50g'}",low,,,
"Nestle Nescafe Chilled Salted Caramel Coffee Drink, 220ml Pet Bottle",160.0,0,0,naheed.pk,Nescafe,instant,"{'value': 220.0, 'unit': 'ml', 'display': '220ml'}",low,,,
"Garnier Color Naturals Creme Hair Colour, 5 1/2 Creamy Coffee",0.0,0,0,naheed.pk,Unknown,instant,"{'value': 0, 'unit': 'unknown', 'display': 'unknown'}",low,,,
Nestle Coffee Mate Coffee Creamer 400g,1150.0,0,0,naheed.pk,Nestle,instant,"{'value': 400.0, 'unit': 'g', 'display': '400g'}",mid,,,
"Klassno Classic Premium Coffee Beans, 50g",900.0,0,0,naheed.pk,Unknown,beans,"{'value': 50.0, 'unit': 'g', 'display': '50g'}",low,,,
"Klassno Classic Premium Coffee Beans, 100g",1700.0,0,0,naheed.pk,Unknown,beans,"{'value': 100.0, 'unit': 'g', 'display': '100g'}",mid,,,
"Nestle Nescafe Gold Blend Coffee, 190g",2950.0,0,0,naheed.pk,Nescafe,instant,"{'value': 190.0, 'unit': 'g', 'display': '190g'}",premium,,,
"Laikou Coffee Exfoliating Body Scrub, 350g, LK83656A",0.0,0,0,naheed.pk,Unknown,instant,"{'value': 350.0, 'unit': 'g', 'display': '350g'}",low,,,
"Klassno Classic Premium Coffee Beans, 200g",2900.0,0,0,naheed.pk,Unknown,beans,"{'value': 200.0, 'unit': 'g', 'display': '200g'}",premium,,,
"Nestle Nescafe Gold Coffee, 47.5g (Imported)",1025.0,0,0,naheed.pk,Nescafe,instant,"{'value': 5.0, 'unit': 'g', 'display': '5g'}",mid,,,
"Movenpick Gold Intense Coffee, 100g",2150.0,0,0,naheed.pk,Unknown,instant,"{'value': 100.0, 'unit': 'g', 'display': '100g'}",mid,,,
"Movenpick Gold Decaf 100% Arabica Coffee, 100g",2265.0,0,0,naheed.pk,Unknown,instant,"{'value': 100.0, 'unit': 'g', 'display': '100g'}",mid,,,
"Movenpick Gold Original 100% Arabica Coffee, 100g",2150.0,0,0,naheed.pk,Unknown,instant,"{'value': 100.0, 'unit': 'g', 'display': '100g'}",mid,,,
"Private Club Hazelnut Coffee, 50g",650.0,0,0,naheed.pk,Unknown,instant,"{'value': 50.0, 'unit': 'g', 'display': '50g'}",low,,,
"Pie In The Sky Coffee Biscuits, 16-Pack",520.0,0,0,naheed.pk,Unknown,instant,"{'value': 0, 'unit': 'unknown', 'display': 'unknown'}",low,,,
"Private Club Caramel Coffee, 50g",650.0,0,0,naheed.pk,Unknown,instant,"{'value': 50.0, 'unit': 'g', 'display': '50g'}",low,,,
"Nestle Nescafe 3in1 Coffee, 20g",60.0,0,0,naheed.pk,Nescafe,instant,"{'value': 20.0, 'unit': 'g', 'display': '20g'}",low,,,
"Nestle Nescafe Gold Cappuccino Coffee, 15.5g",150.0,0,0,naheed.pk,Nescafe,instant,"{'value': 5.0, 'unit': 'g', 'display': '5g'}",low,,,
"Nestle Nescafe Chilled Latte Coffee Drink, 200ml",110.0,0,0,naheed.pk,Nescafe,instant,"{'value': 200.0, 'unit': 'ml', 'display': '200ml'}",low,,,
"Nestle Nescafe Classic Coffee, 50g",999.0,0,0,naheed.pk,Nescafe,instant,"{'value': 50.0, 'unit': 'g', 'display': '50g'}",low,,,
"Nestle Nescafe Instant Coffee Choco Hazelnut Ice, 25g",85.0,0,0,naheed.pk,Nescafe,instant,"{'value': 25.0, 'unit': 'g', 'display': '25g'}",low,,,
"Nestle Nescafe 3-In-1 Salted Caramel Ice Coffee Sachet, 23g",85.0,0,0,naheed.pk,Nescafe,instant,"{'value': 23.0, 'unit': 'g', 'display': '23g'}",low,,,
"Nestle Nescafe Classic Coffee, 100g",1900.0,0,0,naheed.pk,Nescafe,instant,"{'value': 100.0, 'unit': 'g', 'display': '100g'}",mid,,,
"Nescafe Classic Instant Coffee Sachet, 1.5g",25.0,0,0,naheed.pk,Nescafe,instant,"{'value': 5.0, 'unit': 'g', 'display': '5g'}",low,,,
"Klassno Classic Premium Blend Coffee Sachet, 1.5g",25.0,0,0,naheed.pk,Unknown,instant,"{'value': 5.0, 'unit': 'g', 'display': '5g'}",low,,,
"Nestle Nescafe Chilled Mocha Coffee Drink, 200ml",110.0,0,0,naheed.pk,Nescafe,instant,"{'value': 200.0, 'unit': 'ml', 'display': '200ml'}",low,,,
"Kopiko Coffee Candy, 140g, Pouch",375.0,0,0,naheed.pk,Unknown,instant,"{'value': 140.0, 'unit': 'g', 'display': '140g'}",low,,,
"Nestle Nescafe Classic Coffee, 200g",3500.0,0,0,naheed.pk,Nescafe,instant,"{'value': 200.0, 'unit': 'g', 'display': '200g'}",premium,,,
"Tapal Insta Brew 3-In-1 Instant Coffee, 1 Count, 25g",100.0,0,0,naheed.pk,Tapal,instant,"{'value': 25.0, 'unit': 'g', 'display': '25g'}",low,,,
"Davidoff Rich Aroma Instant Coffee, 100g",2499.0,0,0,naheed.pk,Davidoff,instant,"{'value': 100.0, 'unit': 'g', 'display': '100g'}",mid,,,
"Bombay Fresh Bakers Coffee Cake, 1 Pound",620.0,0,0,naheed.pk,Unknown,instant,"{'value': 0, 'unit': 'unknown', 'display': 'unknown'}",low,,,
"Reload Coffee & Almond Granola Bars, High Fiber & Protein, Gluten Free, 40g",180.0,0,0,naheed.pk,Unknown,instant,"{'value': 40.0, 'unit': 'g', 'display': '40g'}",low,,,
"St. Ives Energizing Coconut & Coffee Scrub, Tube, Paraben & Oil Free, 170g",1000.0,0,0,naheed.pk,Unknown,instant,"{'value': 170.0, 'unit': 'g', 'display': '170g'}",low,,,
"Nestle Nescafe Chilled Hazelnut Coffee Drink, 220ml Pet Bottle",160.0,0,0,naheed.pk,Nescafe,instant,"{'value': 220.0, 'unit': 'ml', 'display': '220ml'}",low,,,
"Nestle Nescafe Gold Coffee, 95g Imported",1650.0,0,0,naheed.pk,Nescafe,instant,"{'value': 95.0, 'unit': 'g', 'display': '95g'}",mid,,,
"Davidoff Fine Aroma Instant Coffee, 100g",2499.0,0,0,naheed.pk,Davidoff,instant,"{'value': 100.0, 'unit': 'g', 'display': '100g'}",mid,,,
"Nestle Nescafe Classic Coffee Pouch, 50g",580.0,0,0,naheed.pk,Nescafe,instant,"{'value': 50.0, 'unit': 'g', 'display': '50g'}",low,,,
"Nestle Nescafe Chilled Salted Caramel Coffee Drink, 220ml Pet Bottle",160.0,0,0,naheed.pk,Nescafe,instant,"{'value': 220.0, 'unit': 'ml', 'display': '220ml'}",low,,,
"Garnier Color Naturals Creme Hair Colour, 5 1/2 Creamy Coffee",0.0,0,0,naheed.pk,Unknown,instant,"{'value': 0, 'unit': 'unknown', 'display': 'unknown'}",low,,,
Nestle Coffee Mate Coffee Creamer 400g,1150.0,0,0,naheed.pk,Nestle,instant,"{'value': 400.0, 'unit': 'g', 'display': '400g'}",mid,,,
"Klassno Classic Premium Coffee Beans, 50g",900.0,0,0,naheed.pk,Unknown,beans,"{'value': 50.0, 'unit': 'g', 'display': '50g'}",low,,,
"Klassno Classic Premium Coffee Beans, 100g",1700.0,0,0,naheed.pk,Unknown,beans,"{'value': 100.0, 'unit': 'g', 'display': '100g'}",mid,,,
"Nestle Nescafe Gold Blend Coffee, 190g",2950.0,0,0,naheed.pk,Nescafe,instant,"{'value': 190.0, 'unit': 'g', 'display': '190g'}",premium,,,
"Laikou Coffee Exfoliating Body Scrub, 350g, LK83656A",0.0,0,0,naheed.pk,Unknown,instant,"{'value': 350.0, 'unit': 'g', 'display': '350g'}",low,,,
"Klassno Classic Premium Coffee Beans, 200g",2900.0,0,0,naheed.pk,Unknown,beans,"{'value': 200.0, 'unit': 'g', 'display': '200g'}",premium,,,
"Nestle Nescafe Gold Coffee, 47.5g (Imported)",1025.0,0,0,naheed.pk,Nescafe,instant,"{'value': 5.0, 'unit': 'g', 'display': '5g'}",mid,,,
"Movenpick Gold Intense Coffee, 100g",2150.0,0,0,naheed.pk,Unknown,instant,"{'value': 100.0, 'unit': 'g', 'display': '100g'}",mid,,,
"Movenpick Gold Decaf 100% Arabica Coffee, 100g",2265.0,0,0,naheed.pk,Unknown,instant,"{'value': 100.0, 'unit': 'g', 'display': '100g'}",mid,,,
"Movenpick Gold Original 100% Arabica Coffee, 100g",2150.0,0,0,naheed.pk,Unknown,instant,"{'value': 100.0, 'unit': 'g', 'display': '100g'}",mid,,,
"Private Club Hazelnut Coffee, 50g",650.0,0,0,naheed.pk,Unknown,instant,"{'value': 50.0, 'unit': 'g', 'display': '50g'}",low,,,
"Pie In The Sky Coffee Biscuits, 16-Pack",520.0,0,0,naheed.pk,Unknown,instant,"{'value': 0, 'unit': 'unknown', 'display': 'unknown'}",low,,,
"Private Club Caramel Coffee, 50g",650.0,0,0,naheed.pk,Unknown,instant,"{'value': 50.0, 'unit': 'g', 'display': '50g'}",low,,,
"Nestle Nescafe 3in1 Coffee, 20g",60.0,0,0,naheed.pk,Nescafe,instant,"{'value': 20.0, 'unit': 'g', 'display': '20g'}",low,,,
"Nestle Nescafe Gold Cappuccino Coffee, 15.5g",150.0,0,0,naheed.pk,Nescafe,instant,"{'value': 5.0, 'unit': 'g', 'display': '5g'}",low,,,
"Nestle Nescafe Chilled Latte Coffee Drink, 200ml",110.0,0,0,naheed.pk,Nescafe,instant,"{'value': 200.0, 'unit': 'ml', 'display': '200ml'}",low,,,
"Nestle Nescafe Classic Coffee, 50g",999.0,0,0,naheed.pk,Nescafe,instant,"{'value': 50.0, 'unit': 'g', 'display': '50g'}",low,,,
"Nestle Nescafe Instant Coffee Choco Hazelnut Ice, 25g",85.0,0,0,naheed.pk,Nescafe,instant,"{'value': 25.0, 'unit': 'g', 'display': '25g'}",low,,,
"Nestle Nescafe 3-In-1 Salted Caramel Ice Coffee Sachet, 23g",85.0,0,0,naheed.pk,Nescafe,instant,"{'value': 23.0, 'unit': 'g', 'display': '23g'}",low,,,
"Nestle Nescafe Classic Coffee, 100g",1900.0,0,0,naheed.pk,Nescafe,instant,"{'value': 100.0, 'unit': 'g', 'display': '100g'}",mid,,,
"Nescafe Classic Instant Coffee Sachet, 1.5g",25.0,0,0,naheed.pk,Nescafe,instant,"{'value': 5.0, 'unit': 'g', 'display': '5g'}",low,,,
"Klassno Classic Premium Blend Coffee Sachet, 1.5g",25.0,0,0,naheed.pk,Unknown,instant,"{'value': 5.0, 'unit': 'g', 'display': '5g'}",low,,,
"Nestle Nescafe Chilled Mocha Coffee Drink, 200ml",110.0,0,0,naheed.pk,Nescafe,instant,"{'value': 200.0, 'unit': 'ml', 'display': '200ml'}",low,,,
"Kopiko Coffee Candy, 140g, Pouch",375.0,0,0,naheed.pk,Unknown,instant,"{'value': 140.0, 'unit': 'g', 'display': '140g'}",low,,,
"Nestle Nescafe Classic Coffee, 200g",3500.0,0,0,naheed.pk,Nescafe,instant,"{'value': 200.0, 'unit': 'g', 'display': '200g'}",premium,,,
"Tapal Insta Brew 3-In-1 Instant Coffee, 1 Count, 25g",100.0,0,0,naheed.pk,Tapal,instant,"{'value': 25.0, 'unit': 'g', 'display': '25g'}",low,,,
"Davidoff Rich Aroma Instant Coffee, 100g",2499.0,0,0,naheed.pk,Davidoff,instant,"{'value': 100.0, 'unit': 'g', 'display': '100g'}",mid,,,
"Bombay Fresh Bakers Coffee Cake, 1 Pound",620.0,0,0,naheed.pk,Unknown,instant,"{'value': 0, 'unit': 'unknown', 'display': 'unknown'}",low,,,
"Reload Coffee & Almond Granola Bars, High Fiber & Protein, Gluten Free, 40g",180.0,0,0,naheed.pk,Unknown,instant,"{'value': 40.0, 'unit': 'g', 'display': '40g'}",low,,,
"St. Ives Energizing Coconut & Coffee Scrub, Tube, Paraben & Oil Free, 170g",1000.0,0,0,naheed.pk,Unknown,instant,"{'value': 170.0, 'unit': 'g', 'display': '170g'}",low,,,
"Nestle Nescafe Chilled Hazelnut Coffee Drink, 220ml Pet Bottle",160.0,0,0,naheed.pk,Nescafe,instant,"{'value': 220.0, 'unit': 'ml', 'display': '220ml'}",low,,,
"Nestle Nescafe Gold Coffee, 95g Imported",1650.0,0,0,naheed.pk,Nescafe,instant,"{'value': 95.0, 'unit': 'g', 'display': '95g'}",mid,,,
"Davidoff Fine Aroma Instant Coffee, 100g",2499.0,0,0,naheed.pk,Davidoff,instant,"{'value': 100.0, 'unit': 'g', 'display': '100g'}",mid,,,
"Nestle Nescafe Classic Coffee Pouch, 50g",580.0,0,0,naheed.pk,Nescafe,instant,"{'value': 50.0, 'unit': 'g', 'display': '50g'}",low,,,
"Nestle Nescafe Chilled Salted Caramel Coffee Drink, 220ml Pet Bottle",160.0,0,0,naheed.pk,Nescafe,instant,"{'value': 220.0, 'unit': 'ml', 'display': '220ml'}",low,,,
"Garnier Color Naturals Creme Hair Colour, 5 1/2 Creamy Coffee",0.0,0,0,naheed.pk,Unknown,instant,"{'value': 0, 'unit': 'unknown', 'display': 'unknown'}",low,,,
Nestle Coffee Mate Coffee Creamer 400g,1150.0,0,0,naheed.pk,Nestle,instant,"{'value': 400.0, 'unit': 'g', 'display': '400g'}",mid,,,
"Klassno Classic Premium Coffee Beans, 50g",900.0,0,0,naheed.pk,Unknown,beans,"{'value': 50.0, 'unit': 'g', 'display': '50g'}",low,,,
"Klassno Classic Premium Coffee Beans, 100g",1700.0,0,0,naheed.pk,Unknown,beans,"{'value': 100.0, 'unit': 'g', 'display': '100g'}",mid,,,
"Nestle Nescafe Gold Blend Coffee, 190g",2950.0,0,0,naheed.pk,Nescafe,instant,"{'value': 190.0, 'unit': 'g', 'display': '190g'}",premium,,,
"Laikou Coffee Exfoliating Body Scrub, 350g, LK83656A",0.0,0,0,naheed.pk,Unknown,instant,"{'value': 350.0, 'unit': 'g', 'display': '350g'}",low,,,
"Klassno Classic Premium Coffee Beans, 200g",2900.0,0,0,naheed.pk,Unknown,beans,"{'value': 200.0, 'unit': 'g', 'display': '200g'}",premium,,,
"Nestle Nescafe Gold Coffee, 47.5g (Imported)",1025.0,0,0,naheed.pk,Nescafe,instant,"{'value': 5.0, 'unit': 'g', 'display': '5g'}",mid,,,
"Movenpick Gold Intense Coffee, 100g",2150.0,0,0,naheed.pk,Unknown,instant,"{'value': 100.0, 'unit': 'g', 'display': '100g'}",mid,,,
"Movenpick Gold Decaf 100% Arabica Coffee, 100g",2265.0,0,0,naheed.pk,Unknown,instant,"{'value': 100.0, 'unit': 'g', 'display': '100g'}",mid,,,
"Movenpick Gold Original 100% Arabica Coffee, 100g",2150.0,0,0,naheed.pk,Unknown,instant,"{'value': 100.0, 'unit': 'g', 'display': '100g'}",mid,,,
"Private Club Hazelnut Coffee, 50g",650.0,0,0,naheed.pk,Unknown,instant,"{'value': 50.0, 'unit': 'g', 'display': '50g'}",low,,,
"Pie In The Sky Coffee Biscuits, 16-Pack",520.0,0,0,naheed.pk,Unknown,instant,"{'value': 0, 'unit': 'unknown', 'display': 'unknown'}",low,,,
"Private Club Caramel Coffee, 50g",650.0,0,0,naheed.pk,Unknown,instant,"{'value': 50.0, 'unit': 'g', 'display': '50g'}",low,,,
"Nestle Nescafe 3in1 Coffee, 20g",60.0,0,0,naheed.pk,Nescafe,instant,"{'value': 20.0, 'unit': 'g', 'display': '20g'}",low,,,
"Nestle Nescafe Gold Cappuccino Coffee, 15.5g",150.0,0,0,naheed.pk,Nescafe,instant,"{'value': 5.0, 'unit': 'g', 'display': '5g'}",low,,,
"Nestle Nescafe Chilled Latte Coffee Drink, 200ml",110.0,0,0,naheed.pk,Nescafe,instant,"{'value': 200.0, 'unit': 'ml', 'display': '200ml'}",low,,,
"Nestle Nescafe Classic Coffee, 50g",999.0,0,0,naheed.pk,Nescafe,instant,"{'value': 50.0, 'unit': 'g', 'display': '50g'}",low,,,
"Nestle Nescafe Instant Coffee Choco Hazelnut Ice, 25g",85.0,0,0,naheed.pk,Nescafe,instant,"{'value': 25.0, 'unit': 'g', 'display': '25g'}",low,,,
"Nestle Nescafe 3-In-1 Salted Caramel Ice Coffee Sachet, 23g",85.0,0,0,naheed.pk,Nescafe,instant,"{'value': 23.0, 'unit': 'g', 'display': '23g'}",low,,,
"Nestle Nescafe Classic Coffee, 100g",1900.0,0,0,naheed.pk,Nescafe,instant,"{'value': 100.0, 'unit': 'g', 'display': '100g'}",mid,,,
"Nescafe Classic Instant Coffee Sachet, 1.5g",25.0,0,0,naheed.pk,Nescafe,instant,"{'value': 5.0, 'unit': 'g', 'display': '5g'}",low,,,
"Klassno Classic Premium Blend Coffee Sachet, 1.5g",25.0,0,0,naheed.pk,Unknown,instant,"{'value': 5.0, 'unit': 'g', 'display': '5g'}",low,,,
"Nestle Nescafe Chilled Mocha Coffee Drink, 200ml",110.0,0,0,naheed.pk,Nescafe,instant,"{'value': 200.0, 'unit': 'ml', 'display': '200ml'}",low,,,
"Kopiko Coffee Candy, 140g, Pouch",375.0,0,0,naheed.pk,Unknown,instant,"{'value': 140.0, 'unit': 'g', 'display': '140g'}",low,,,
"Nestle Nescafe Classic Coffee, 200g",3500.0,0,0,naheed.pk,Nescafe,instant,"{'value': 200.0, 'unit': 'g', 'display': '200g'}",premium,,,
"Tapal Insta Brew 3-In-1 Instant Coffee, 1 Count, 25g",100.0,0,0,naheed.pk,Tapal,instant,"{'value': 25.0, 'unit': 'g', 'display': '25g'}",low,,,
"Davidoff Rich Aroma Instant Coffee, 100g",2499.0,0,0,naheed.pk,Davidoff,instant,"{'value': 100.0, 'unit': 'g', 'display': '100g'}",mid,,,
"Bombay Fresh Bakers Coffee Cake, 1 Pound",620.0,0,0,naheed.pk,Unknown,instant,"{'value': 0, 'unit': 'unknown', 'display': 'unknown'}",low,,,
"Reload Coffee & Almond Granola Bars, High Fiber & Protein, Gluten Free, 40g",180.0,0,0,naheed.pk,Unknown,instant,"{'value': 40.0, 'unit': 'g', 'display': '40g'}",low,,,
"St. Ives Energizing Coconut & Coffee Scrub, Tube, Paraben & Oil Free, 170g",1000.0,0,0,naheed.pk,Unknown,instant,"{'value': 170.0, 'unit': 'g', 'display': '170g'}",low,,,
"Nestle Nescafe Chilled Hazelnut Coffee Drink, 220ml Pet Bottle",160.0,0,0,naheed.pk,Nescafe,instant,"{'value': 220.0, 'unit': 'ml', 'display': '220ml'}",low,,,
"Nestle Nescafe Gold Coffee, 95g Imported",1650.0,0,0,naheed.pk,Nescafe,instant,"{'value': 95.0, 'unit': 'g', 'display': '95g'}",mid,,,
"Davidoff Fine Aroma Instant Coffee, 100g",2499.0,0,0,naheed.pk,Davidoff,instant,"{'value': 100.0, 'unit': 'g', 'display': '100g'}",mid,,,
"Nestle Nescafe Classic Coffee Pouch, 50g",580.0,0,0,naheed.pk,Nescafe,instant,"{'value': 50.0, 'unit': 'g', 'display': '50g'}",low,,,
"Nestle Nescafe Chilled Salted Caramel Coffee Drink, 220ml Pet Bottle",160.0,0,0,naheed.pk,Nescafe,instant,"{'value': 220.0, 'unit': 'ml', 'display': '220ml'}",low,,,
"Garnier Color Naturals Creme Hair Colour, 5 1/2 Creamy Coffee",0.0,0,0,naheed.pk,Unknown,instant,"{'value': 0, 'unit': 'unknown', 'display': 'unknown'}",low,,,
Nestle Coffee Mate Coffee Creamer 400g,1150.0,0,0,naheed.pk,Nestle,instant,"{'value': 400.0, 'unit': 'g', 'display': '400g'}",mid,,,
"Klassno Classic Premium Coffee Beans, 50g",900.0,0,0,naheed.pk,Unknown,beans,"{'value': 50.0, 'unit': 'g', 'display': '50g'}",low,,,
"Klassno Classic Premium Coffee Beans, 100g",1700.0,0,0,naheed.pk,Unknown,beans,"{'value': 100.0, 'unit': 'g', 'display': '100g'}",mid,,,
"Nestle Nescafe Gold Blend Coffee, 190g",2950.0,0,0,naheed.pk,Nescafe,instant,"{'value': 190.0, 'unit': 'g', 'display': '190g'}",premium,,,
"Laikou Coffee Exfoliating Body Scrub, 350g, LK83656A",0.0,0,0,naheed.pk,Unknown,instant,"{'value': 350.0, 'unit': 'g', 'display': '350g'}",low,,,
"Klassno Classic Premium Coffee Beans, 200g",2900.0,0,0,naheed.pk,Unknown,beans,"{'value': 200.0, 'unit': 'g', 'display': '200g'}",premium,,,
"Nestle Nescafe Gold Coffee, 47.5g (Imported)",1025.0,0,0,naheed.pk,Nescafe,instant,"{'value': 5.0, 'unit': 'g', 'display': '5g'}",mid,,,
"Movenpick Gold Intense Coffee, 100g",2150.0,0,0,naheed.pk,Unknown,instant,"{'value': 100.0, 'unit': 'g', 'display': '100g'}",mid,,,
"Movenpick Gold Decaf 100% Arabica Coffee, 100g",2265.0,0,0,naheed.pk,Unknown,instant,"{'value': 100.0, 'unit': 'g', 'display': '100g'}",mid,,,
"Movenpick Gold Original 100% Arabica Coffee, 100g",2150.0,0,0,naheed.pk,Unknown,instant,"{'value': 100.0, 'unit': 'g', 'display': '100g'}",mid,,,
"Private Club Hazelnut Coffee, 50g",650.0,0,0,naheed.pk,Unknown,instant,"{'value': 50.0, 'unit': 'g', 'display': '50g'}",low,,,
"Pie In The Sky Coffee Biscuits, 16-Pack",520.0,0,0,naheed.pk,Unknown,instant,"{'value': 0, 'unit': 'unknown', 'display': 'unknown'}",low,,,
"Private Club Caramel Coffee, 50g",650.0,0,0,naheed.pk,Unknown,instant,"{'value': 50.0, 'unit': 'g', 'display': '50g'}",low,,,
"Nestle Nescafe 3in1 Coffee, 20g",60.0,0,0,naheed.pk,Nescafe,instant,"{'value': 20.0, 'unit': 'g', 'display': '20g'}",low,,,
"Nestle Nescafe Gold Cappuccino Coffee, 15.5g",150.0,0,0,naheed.pk,Nescafe,instant,"{'value': 5.0, 'unit': 'g', 'display': '5g'}",low,,,
"Nestle Nescafe Chilled Latte Coffee Drink, 200ml",110.0,0,0,naheed.pk,Nescafe,instant,"{'value': 200.0, 'unit': 'ml', 'display': '200ml'}",low,,,
"Nestle Nescafe Classic Coffee, 50g",999.0,0,0,naheed.pk,Nescafe,instant,"{'value': 50.0, 'unit': 'g', 'display': '50g'}",low,,,
"Nestle Nescafe Instant Coffee Choco Hazelnut Ice, 25g",85.0,0,0,naheed.pk,Nescafe,instant,"{'value': 25.0, 'unit': 'g', 'display': '25g'}",low,,,
"Nestle Nescafe 3-In-1 Salted Caramel Ice Coffee Sachet, 23g",85.0,0,0,naheed.pk,Nescafe,instant,"{'value': 23.0, 'unit': 'g', 'display': '23g'}",low,,,
"Nestle Nescafe Classic Coffee, 100g",1900.0,0,0,naheed.pk,Nescafe,instant,"{'value': 100.0, 'unit': 'g', 'display': '100g'}",mid,,,
"Nescafe Classic Instant Coffee Sachet, 1.5g",25.0,0,0,naheed.pk,Nescafe,instant,"{'value': 5.0, 'unit': 'g', 'display': '5g'}",low,,,
"Klassno Classic Premium Blend Coffee Sachet, 1.5g",25.0,0,0,naheed.pk,Unknown,instant,"{'value': 5.0, 'unit': 'g', 'display': '5g'}",low,,,
"Nestle Nescafe Chilled Mocha Coffee Drink, 200ml",110.0,0,0,naheed.pk,Nescafe,instant,"{'value': 200.0, 'unit': 'ml', 'display': '200ml'}",low,,,
"Kopiko Coffee Candy, 140g, Pouch",375.0,0,0,naheed.pk,Unknown,instant,"{'value': 140.0, 'unit': 'g', 'display': '140g'}",low,,,
"Nestle Nescafe Classic Coffee, 200g",3500.0,0,0,naheed.pk,Nescafe,instant,"{'value': 200.0, 'unit': 'g', 'display': '200g'}",premium,,,
"Tapal Insta Brew 3-In-1 Instant Coffee, 1 Count, 25g",100.0,0,0,naheed.pk,Tapal,instant,"{'value': 25.0, 'unit': 'g', 'display': '25g'}",low,,,
"Davidoff Rich Aroma Instant Coffee, 100g",2499.0,0,0,naheed.pk,Davidoff,instant,"{'value': 100.0, 'unit': 'g', 'display': '100g'}",mid,,,
"Bombay Fresh Bakers Coffee Cake, 1 Pound",620.0,0,0,naheed.pk,Unknown,instant,"{'value': 0, 'unit': 'unknown', 'display': 'unknown'}",low,,,
"Reload Coffee & Almond Granola Bars, High Fiber & Protein, Gluten Free, 40g",180.0,0,0,naheed.pk,Unknown,instant,"{'value': 40.0, 'unit': 'g', 'display': '40g'}",low,,,
"St. Ives Energizing Coconut & Coffee Scrub, Tube, Paraben & Oil Free, 170g",1000.0,0,0,naheed.pk,Unknown,instant,"{'value': 170.0, 'unit': 'g', 'display': '170g'}",low,,,
"Nestle Nescafe Chilled Hazelnut Coffee Drink, 220ml Pet Bottle",160.0,0,0,naheed.pk,Nescafe,instant,"{'value': 220.0, 'unit': 'ml', 'display': '220ml'}",low,,,
"Nestle Nescafe Gold Coffee, 95g Imported",1650.0,0,0,naheed.pk,Nescafe,instant,"{'value': 95.0, 'unit': 'g', 'display': '95g'}",mid,,,
"Davidoff Fine Aroma Instant Coffee, 100g",2499.0,0,0,naheed.pk,Davidoff,instant,"{'value': 100.0, 'unit': 'g', 'display': '100g'}",mid,,,
"Nestle Nescafe Classic Coffee Pouch, 50g",580.0,0,0,naheed.pk,Nescafe,instant,"{'value': 50.0, 'unit': 'g', 'display': '50g'}",low,,,
"Nestle Nescafe Chilled Salted Caramel Coffee Drink, 220ml Pet Bottle",160.0,0,0,naheed.pk,Nescafe,instant,"{'value': 220.0, 'unit': 'ml', 'display': '220ml'}",low,,,
"Garnier Color Naturals Creme Hair Colour, 5 1/2 Creamy Coffee",0.0,0,0,naheed.pk,Unknown,instant,"{'value': 0, 'unit': 'unknown', 'display': 'unknown'}",low,,,
Nestle Coffee Mate Coffee Creamer 400g,1150.0,0,0,naheed.pk,Nestle,instant,"{'value': 400.0, 'unit': 'g', 'display': '400g'}",mid,,,
"Klassno Classic Premium Coffee Beans, 50g",900.0,0,0,naheed.pk,Unknown,beans,"{'value': 50.0, 'unit': 'g', 'display': '50g'}",low,,,
"Klassno Classic Premium Coffee Beans, 100g",1700.0,0,0,naheed.pk,Unknown,beans,"{'value': 100.0, 'unit': 'g', 'display': '100g'}",mid,,,
"Nestle Nescafe Gold Blend Coffee, 190g",2950.0,0,0,naheed.pk,Nescafe,instant,"{'value': 190.0, 'unit': 'g', 'display': '190g'}",premium,,,
"Laikou Coffee Exfoliating Body Scrub, 350g, LK83656A",0.0,0,0,naheed.pk,Unknown,instant,"{'value': 350.0, 'unit': 'g', 'display': '350g'}",low,,,
"Klassno Classic Premium Coffee Beans, 200g",2900.0,0,0,naheed.pk,Unknown,beans,"{'value': 200.0, 'unit': 'g', 'display': '200g'}",premium,,,
"Nestle Nescafe Gold Coffee, 47.5g (Imported)",1025.0,0,0,naheed.pk,Nescafe,instant,"{'value': 5.0, 'unit': 'g', 'display': '5g'}",mid,,,
"Movenpick Gold Intense Coffee, 100g",2150.0,0,0,naheed.pk,Unknown,instant,"{'value': 100.0, 'unit': 'g', 'display': '100g'}",mid,,,
"Movenpick Gold Decaf 100% Arabica Coffee, 100g",2265.0,0,0,naheed.pk,Unknown,instant,"{'value': 100.0, 'unit': 'g', 'display': '100g'}",mid,,,
"Movenpick Gold Original 100% Arabica Coffee, 100g",2150.0,0,0,naheed.pk,Unknown,instant,"{'value': 100.0, 'unit': 'g', 'display': '100g'}",mid,,,
"Private Club Hazelnut Coffee, 50g",650.0,0,0,naheed.pk,Unknown,instant,"{'value': 50.0, 'unit': 'g', 'display': '50g'}",low,,,
"Pie In The Sky Coffee Biscuits, 16-Pack",520.0,0,0,naheed.pk,Unknown,instant,"{'value': 0, 'unit': 'unknown', 'display': 'unknown'}",low,,,
"Private Club Caramel Coffee, 50g",650.0,0,0,naheed.pk,Unknown,instant,"{'value': 50.0, 'unit': 'g', 'display': '50g'}",low,,,
Nestle Nescafe Classic Coffee Jar 50g,1100.0,0,0,foodpanda.pk,Nescafe,instant,"{'value': 50.0, 'unit': 'g', 'display': '50g'}",mid,foodpanda_1747031266.148778_0,2025-05-12T11:27:46.148794,https://images.deliveryhero.io/image/darkstores/nv-global-catalog/pk/60cd2350-e42e-4090-9ebb-e8c726400171.jpg?height=176
Nestle Nescafe 3 in 1 Coffee Sachet 20g,60.0,0,0,foodpanda.pk,Nescafe,coffee mix,"{'value': 20.0, 'unit': 'g', 'display': '20g'}",low,foodpanda_1747031266.149985_1,2025-05-12T11:27:46.149993,https://images.deliveryhero.io/image/darkstores/nv-global-catalog/pk/4a9120fa-8111-43f6-bea2-f65f054ba257.png?height=176
Nestle Nescafe Classic Coffee Jar 100g,2090.0,0,0,foodpanda.pk,Nescafe,instant,"{'value': 100.0, 'unit': 'g', 'display': '100g'}",mid,foodpanda_1747031266.159123_2,2025-05-12T11:27:46.159134,https://images.deliveryhero.io/image/darkstores/nv-global-catalog/pk/7013b80e-136d-4f6f-8f53-8f6f1a8dee37.jpg?height=176
Nescafe Classic 25g,450.0,0,0,foodpanda.pk,Nescafe,instant,"{'value': 25.0, 'unit': 'g', 'display': '25g'}",low,foodpanda_1747031266.160011_3,2025-05-12T11:27:46.160019,https://images.deliveryhero.io/image/darkstores/nv-global-catalog/pk/d4547669-b209-47db-8770-48622847e28a.jpg?height=176
Nescafe Coffee Gold 47.5Gm Imp,1200.0,0,0,foodpanda.pk,Nescafe,instant,"{'value': 0, 'unit': 'unknown', 'display': 'unknown'}",mid,foodpanda_1747031266.160765_4,2025-05-12T11:27:46.160773,https://images.deliveryhero.io/image/nv/Pakistan/Imported-Images-Cleanup-PK/46204837-0.jpg?height=176
Nescafe Pet Bottle Spanish Latte 220ml,171.0,0,0,foodpanda.pk,Nescafe,instant,"{'value': 220.0, 'unit': 'ml', 'display': '220ml'}",low,foodpanda_1747031266.161183_5,2025-05-12T11:27:46.161188,https://images.deliveryhero.io/image/nv/Pakistan/Luxury-Choice/8961008222820.jpg?height=176
Nescafe Coffee Pet Bottle Chilled Latte 220ml,152.0,0,0,foodpanda.pk,Nescafe,instant,"{'value': 220.0, 'unit': 'ml', 'display': '220ml'}",low,foodpanda_1747031266.161577_6,2025-05-12T11:27:46.161582,https://images.deliveryhero.io/image/darsktores-pk/8961008217673.jpg?height=176
Nescafe Coffee TetraPack Chilled Latte 200ml,105.0,0,0,foodpanda.pk,Nescafe,instant,"{'value': 200.0, 'unit': 'ml', 'display': '200ml'}",low,foodpanda_1747031266.161949_7,2025-05-12T11:27:46.161953,https://images.deliveryhero.io/image/darsktores-pk/H5320K%201.jpg?height=176
Nescafe Coffee TetraPack Chilled Mocha 200ml,105.0,0,0,foodpanda.pk,Nescafe,instant,"{'value': 200.0, 'unit': 'ml', 'display': '200ml'}",low,foodpanda_1747031266.162311_8,2025-05-12T11:27:46.162315,https://images.deliveryhero.io/image/darsktores-pk/8961008216423.jpg?height=176
Nescafe Coffee Pet Bottle Chilled Hazelnut 220ml,152.0,0,0,foodpanda.pk,Nescafe,instant,"{'value': 220.0, 'unit': 'ml', 'display': '220ml'}",low,foodpanda_1747031266.162725_9,2025-05-12T11:27:46.162730,https://images.deliveryhero.io/image/darsktores-pk/hazelnut.png?height=176
Nescafe Pet Bottle White Chocolate Mocha 220ml,171.0,0,0,foodpanda.pk,Nescafe,instant,"{'value': 220.0, 'unit': 'ml', 'display': '220ml'}",low,foodpanda_1747031266.163094_10,2025-05-12T11:27:46.163098,https://images.deliveryhero.io/image/darsktores-pk/8961008222813.jpg?height=176
Nescafe Pet Bottle Mocha 220ml,152.0,0,0,foodpanda.pk,Nescafe,instant,"{'value': 220.0, 'unit': 'ml', 'display': '220ml'}",low,foodpanda_1747031266.16358_11,2025-05-12T11:27:46.163585,https://images.deliveryhero.io/image/darsktores-pk/NZWLTG.jpg?height=176
Davidoff Espresso 57 Instant Coffee 100g,2690.0,0,0,foodpanda.pk,Davidoff,instant,"{'value': 100.0, 'unit': 'g', 'display': '100g'}",premium,foodpanda_1747031266.163935_12,2025-05-12T11:27:46.163939,https://images.deliveryhero.io/image/darsktores-pk/PGX8IJ-1.png?height=176
Nescafe Coffee Gold 190Gm Imp,3452.0,0,0,foodpanda.pk,Nescafe,instant,"{'value': 0, 'unit': 'unknown', 'display': 'unknown'}",premium,foodpanda_1747031266.166387_13,2025-05-12T11:27:46.166391,https://images.deliveryhero.io/image/darsktores-pk/4600680000640.jpg?height=176
Innovative Haven Coffee Cookies Pouch Pack (Rs 50) 440g,500.0,0,0,foodpanda.pk,Unknown,instant,"{'value': 440.0, 'unit': 'g', 'display': '440g'}",low,foodpanda_1747031266.166809_14,2025-05-12T11:27:46.166814,https://images.deliveryhero.io/image/darkstores/nv-global-catalog/pk/a7f21f28-dbc4-4b43-946f-be59a3ada031.jpg?height=176
Nescafe Original Coffee Can 240ml,450.0,0,0,foodpanda.pk,Nescafe,instant,"{'value': 240.0, 'unit': 'ml', 'display': '240ml'}",low,foodpanda_1747031266.172839_15,2025-05-12T11:27:46.172850,https://images.deliveryhero.io/image/product-information-management/66bd69a4b0ef38d56d66b11d.jpg?height=176
Nescafe Mocha Can 240ml,450.0,0,0,foodpanda.pk,Nescafe,instant,"{'value': 240.0, 'unit': 'ml', 'display': '240ml'}",low,foodpanda_1747031266.173482_16,2025-05-12T11:27:46.173488,https://images.deliveryhero.io/image/product-information-management/66bd69aab0ef38d56d66b12b.jpg?height=176
Meaoon Cat Litter Coffee 5 Ltr (Imported),999.0,0,0,foodpanda.pk,Unknown,instant,"{'value': 0, 'unit': 'unknown', 'display': 'unknown'}",low,foodpanda_1747031266.174022_17,2025-05-12T11:27:46.174027,https://images.deliveryhero.io/image/darsktores-pk/6952054901571.JPG?height=176
Nescafe Drink Tin Kopi-O 240ml,449.7,0,0,foodpanda.pk,Nescafe,instant,"{'value': 240.0, 'unit': 'ml', 'display': '240ml'}",low,foodpanda_1747031266.174578_18,2025-05-12T11:27:46.174584,https://images.deliveryhero.io/image/darkstores/nv-global-catalog/pk/9499c98c-c2d5-483a-a5b3-dba85a6b4174.jpg?height=176
Nescafe Milk Coffee Latte Low Fat Can 240ml,450.0,0,0,foodpanda.pk,Nescafe,instant,"{'value': 240.0, 'unit': 'ml', 'display': '240ml'}",low,foodpanda_1747031266.175753_19,2025-05-12T11:27:46.175762,https://images.deliveryhero.io/image/product-information-management/66bd69a5b0ef38d56d66b121.jpg?height=176
Reload Coffee & Almonds Granola Bar 40g,180.0,0,0,foodpanda.pk,Unknown,instant,"{'value': 40.0, 'unit': 'g', 'display': '40g'}",low,foodpanda_1747031266.176717_20,2025-05-12T11:27:46.176729,https://images.deliveryhero.io/image/darsktores-pk/Floating%20Bar%20-%20CO-A%20Transperent.png?height=176
Nescafe Drink Tin Tarik 240ml,450.0,0,0,foodpanda.pk,Nescafe,instant,"{'value': 240.0, 'unit': 'ml', 'display': '240ml'}",low,foodpanda_1747031266.177228_21,2025-05-12T11:27:46.177235,https://images.deliveryhero.io/image/darkstores/nv-global-catalog/pk/12cbfbf9-ffa6-47a2-8fa5-62aca8c6144c.jpg?height=176
