name,source,location,address,rating,user_ratings_total,price_level,price_text,category,phone,website,url,collected_at
New York Coffee۔ نیویارک کافی,Google Maps,"Karachi, Pakistan",,4.2,,2,$$,,,,https://www.google.com/maps/place/New+York+Coffee%DB%94+%D9%86%DB%8C%D9%88%DB%8C%D8%A7%D8%B1%DA%A9+%DA%A9%D8%A7%D9%81%DB%8C%E2%80%AD/data=!4m7!3m6!1s0x3eb33e85a24caa7f:0x9716f7757ab105e0!8m2!3d24.8636409!4d67.054937!16s%2Fg%2F11c5_c802c!19sChIJf6pMooU-sz4R4AWxenX3Fpc?authuser=0&hl=en&rclk=1,2025-05-10T16:29:43.383570
Esquires Coffee,Google Maps,"Karachi, Pakistan",,4.2,,2,$$,,,,https://www.google.com/maps/place/Esquires+Coffee/data=!4m7!3m6!1s0x3eb33dadc06571ff:0xfbe1c6b4a50c3f4a!8m2!3d24.8165027!4d67.0419418!16s%2Fg%2F11f4qqkwx6!19sChIJ_3FlwK09sz4RSj8MpbTG4fs?authuser=0&hl=en&rclk=1,2025-05-10T16:29:43.955542
MOCCA COFFEE,Google Maps,"Karachi, Pakistan",,4.2,,2,$$,,,,https://www.google.com/maps/place/MOCCA+COFFEE/data=!4m7!3m6!1s0x3eb33ce2f4046cb7:0xef6b88759d5b75b5!8m2!3d24.794566!4d67.0485315!16s%2Fg%2F11c5bnq75d!19sChIJt2wE9OI8sz4RtXVbnXWIa-8?authuser=0&hl=en&rclk=1,2025-05-10T16:29:44.389240
Butlers Chocolate Café,Google Maps,"Karachi, Pakistan",,4.2,,2,$$,,,,https://www.google.com/maps/place/Butlers+Chocolate+Caf%C3%A9/data=!4m7!3m6!1s0x3eb33dade51dac03:0xe6b354c7366d2462!8m2!3d24.8171581!4d67.0410315!16s%2Fg%2F1thx724_!19sChIJA6wd5a09sz4RYiRtNsdUs-Y?authuser=0&hl=en&rclk=1,2025-05-10T16:29:44.775987
FLOC - for the love of coffee,Google Maps,"Karachi, Pakistan",,4.2,,2,$$,,,,https://www.google.com/maps/place/FLOC+-+for+the+love+of+coffee/data=!4m7!3m6!1s0x3eb33db1ee896cd9:0x46157d001539229b!8m2!3d24.8188218!4d67.0394046!16s%2Fg%2F11dyyxmgjz!19sChIJ2WyJ7rE9sz4RmyI5FQB9FUY?authuser=0&hl=en&rclk=1,2025-05-10T16:29:45.171338
Esquires Coffee,Google Maps,"Karachi, Pakistan",,4.2,,2,$$,,,,https://www.google.com/maps/place/Esquires+Coffee/data=!4m7!3m6!1s0x3eb339ac89413d93:0xe92dfad624e0f558!8m2!3d24.9011677!4d67.1136733!16s%2Fg%2F11k4vgbkmv!19sChIJkz1Biaw5sz4RWPXgJNb6Lek?authuser=0&hl=en&rclk=1,2025-05-10T16:29:45.568952
Espresso Tipu Sultan,Google Maps,"Karachi, Pakistan",,4.2,,2,$$,,,,https://www.google.com/maps/place/Espresso+Tipu+Sultan/data=!4m7!3m6!1s0x3eb33ea48bc9a1a9:0x9e96b0705aab23af!8m2!3d24.8677428!4d67.0776087!16s%2Fg%2F11c2kfsfby!19sChIJqaHJi6Q-sz4RryOrWnCwlp4?authuser=0&hl=en&rclk=1,2025-05-10T16:29:46.010763
Gloria Jean's Coffees SMCHS,Google Maps,"Karachi, Pakistan",,4.2,,2,$$,,,,https://www.google.com/maps/place/Gloria+Jean%27s+Coffees+SMCHS/data=!4m7!3m6!1s0x3eb33e859be230bb:0xd109a50664ecebd9!8m2!3d24.863929!4d67.0549433!16s%2Fg%2F1hc452n19!19sChIJuzDim4U-sz4R2evsZAalCdE?authuser=0&hl=en&rclk=1,2025-05-10T16:29:46.455151
Coffee Wagera Clifton (Karachi),Google Maps,"Karachi, Pakistan",,4.2,,2,$$,,,,https://www.google.com/maps/place/Coffee+Wagera+Clifton+%28Karachi%29/data=!4m7!3m6!1s0x3eb33d7ed6bb3c85:0x53a07613e239bf68!8m2!3d24.8107131!4d67.0180733!16s%2Fg%2F11j7h33tqv!19sChIJhTy71n49sz4RaL854hN2oFM?authuser=0&hl=en&rclk=1,2025-05-10T16:29:46.897333
Coffee Wagera Maskan (Karachi),Google Maps,"Karachi, Pakistan",,4.2,,2,$$,,,,https://www.google.com/maps/place/Coffee+Wagera+Maskan+%28Karachi%29/data=!4m7!3m6!1s0x3eb3394482f00745:0x9180cc57be67f4bb!8m2!3d24.9322159!4d67.1012159!16s%2Fg%2F11h_2ckd7b!19sChIJRQfwgkQ5sz4Ru_RnvlfMgJE?authuser=0&hl=en&rclk=1,2025-05-10T16:29:47.295155
The Coffee Bean & Tea Leaf,Google Maps,"Karachi, Pakistan",,4.2,,2,$$,,,,https://www.google.com/maps/place/The+Coffee+Bean+%26+Tea+Leaf/data=!4m7!3m6!1s0x3eb33f66c47f6f15:0x6b85cfa776d37fab!8m2!3d24.8662187!4d67.0778139!16s%2Fg%2F11v0xr7cqd!19sChIJFW9_xGY_sz4Rq3_TdqfPhWs?authuser=0&hl=en&rclk=1,2025-05-10T16:29:47.680534
Drop Coffee Bar,Google Maps,"Karachi, Pakistan",,4.2,,2,$$,,,,https://www.google.com/maps/place/Drop+Coffee+Bar/data=!4m7!3m6!1s0x3eb33f64f7bc47c1:0xe5e8430fa5e99807!8m2!3d24.8754087!4d67.085071!16s%2Fg%2F11scyrvnhy!19sChIJwUe892Q_sz4RB5jppQ9D6OU?authuser=0&hl=en&rclk=1,2025-05-10T16:29:48.073771
dbrewd Coffee & More,Google Maps,"Karachi, Pakistan",,4.2,,2,$$,,,,https://www.google.com/maps/place/dbrewd+Coffee+%26+More/data=!4m7!3m6!1s0x3eb33f40d7fd9df9:0x20e65d1d4a508566!8m2!3d24.8505898!4d67.017593!16s%2Fg%2F11v0l46kt3!19sChIJ-Z3910A_sz4RZoVQSh1d5iA?authuser=0&hl=en&rclk=1,2025-05-10T16:29:48.472812
Steamin' Coffee,Google Maps,"Karachi, Pakistan",,4.2,,2,$$,,,,https://www.google.com/maps/place/Steamin%27+Coffee/data=!4m7!3m6!1s0x3eb33daec4565d33:0x76d36b4134505a8a!8m2!3d24.794047!4d67.0668522!16s%2Fg%2F11t3202xtg!19sChIJM11WxK49sz4RilpQNEFr03Y?authuser=0&hl=en&rclk=1,2025-05-10T16:29:49.027277
Nadia Cafe,Google Maps,"Karachi, Pakistan",,4.2,,2,$$,,,,https://www.google.com/maps/place/Nadia+Cafe/data=!4m7!3m6!1s0x3eb33dd90f326a79:0x253f1a1bd9cd1555!8m2!3d24.8463357!4d67.031316!16s%2Fg%2F11g8wqf1yq!19sChIJeWoyD9k9sz4RVRXN2RsaPyU?authuser=0&hl=en&rclk=1,2025-05-10T16:29:49.438727
Blend Coffee,Google Maps,"Karachi, Pakistan",,4.2,,2,$$,,,,https://www.google.com/maps/place/Blend+Coffee/data=!4m7!3m6!1s0x3eb33fc3b62199df:0xf217968a3797cbeb!8m2!3d24.8804295!4d67.0696984!16s%2Fg%2F11vwdnh6t4!19sChIJ35khtsM_sz4R68uXN4qWF_I?authuser=0&hl=en&rclk=1,2025-05-10T16:29:49.845981
Coffee Wagera Bahria Town (Karachi),Google Maps,"Karachi, Pakistan",,4.2,,2,$$,,,,https://www.google.com/maps/place/Coffee+Wagera+Bahria+Town+%28Karachi%29/data=!4m7!3m6!1s0x3eb34b7cd9045e97:0x5f20ad5f41fe3b49!8m2!3d25.0286358!4d67.3085809!16s%2Fg%2F11p46mh2gk!19sChIJl14E2XxLsz4RSTv-QV-tIF8?authuser=0&hl=en&rclk=1,2025-05-10T16:29:50.232593
Espresso Shahbaz DHA,Google Maps,"Karachi, Pakistan",,4.2,,2,$$,,,,https://www.google.com/maps/place/Espresso+Shahbaz+DHA/data=!4m7!3m6!1s0x3eb33cf64cbd1fbf:0xabe2bd780ca4dac4!8m2!3d24.808078!4d67.0614994!16s%2Fg%2F1tgd4_h8!19sChIJvx-9TPY8sz4RxNqkDHi94qs?authuser=0&hl=en&rclk=1,2025-05-10T16:29:50.655457
Routine - Specialty Coffee & Cafe,Google Maps,"Karachi, Pakistan",,4.2,,2,$$,,,,https://www.google.com/maps/place/Routine+-+Specialty+Coffee+%26+Cafe/data=!4m7!3m6!1s0x3eb33dae3d575c85:0xe82cda22e42ae245!8m2!3d24.7952048!4d67.0497534!16s%2Fg%2F11sb3hzj8k!19sChIJhVxXPa49sz4RReIq5CLaLOg?authuser=0&hl=en&rclk=1,2025-05-10T16:29:51.103495
Gloria Jean's Coffees Lucky One Mall Karachi,Google Maps,"Karachi, Pakistan",,4.2,,2,$$,,,,https://www.google.com/maps/place/Gloria+Jean%27s+Coffees+Lucky+One+Mall+Karachi/data=!4m7!3m6!1s0x3eb33f4eb44cf0d9:0xfd36767a002d035!8m2!3d24.9319561!4d67.0868691!16s%2Fg%2F11gcpvjck7!19sChIJ2fBMtE4_sz4RNdACoGdn0w8?authuser=0&hl=en&rclk=1,2025-05-10T16:29:51.503155
Koel Cafe,Google Maps,"Karachi, Pakistan",,4.2,,2,$$,,,,https://www.google.com/maps/place/Koel+Cafe/data=!4m7!3m6!1s0x3eb33da87901e281:0xa6813f3e2793e0e3!8m2!3d24.8080564!4d67.0346626!16s%2Fg%2F1wc46g8h!19sChIJgeIBeag9sz4R4-CTJz4_gaY?authuser=0&hl=en&rclk=1,2025-05-10T16:29:51.895788
Sync Cafe,Google Maps,"Karachi, Pakistan",,4.2,,2,$$,,,,https://www.google.com/maps/place/Sync+Cafe/data=!4m7!3m6!1s0x3eb33d2d39fbbf37:0x5059285581b64204!8m2!3d24.7915057!4d67.0645407!16s%2Fg%2F11sd2wy67b!19sChIJN7_7OS09sz4RBEK2gVUoWVA?authuser=0&hl=en&rclk=1,2025-05-10T16:29:52.316954
Mood Coffee,Google Maps,"Karachi, Pakistan",,4.2,,2,$$,,,,https://www.google.com/maps/place/Mood+Coffee/data=!4m7!3m6!1s0x3eb33d003f15c693:0xfa1b1392646a86cc!8m2!3d24.7909521!4d67.0659455!16s%2Fg%2F11t0qgr68d!19sChIJk8YVPwA9sz4RzIZqZJITG_o?authuser=0&hl=en&rclk=1,2025-05-10T16:29:52.709229
Kohi Coffees,Google Maps,"Karachi, Pakistan",,4.2,,2,$$,,,,https://www.google.com/maps/place/Kohi+Coffees/data=!4m7!3m6!1s0x3eb33d53095cb65b:0xcd3220132e4e7fa4!8m2!3d24.8007411!4d67.0370101!16s%2Fg%2F11qnd041fv!19sChIJW7ZcCVM9sz4RpH9OLhMgMs0?authuser=0&hl=en&rclk=1,2025-05-10T16:29:53.109434
Vintage Cafe,Google Maps,"Karachi, Pakistan",,4.2,,2,$$,,,,https://www.google.com/maps/place/Vintage+Cafe/data=!4m7!3m6!1s0x3eb33e8598a0f0ed:0x94691b869f5d8ff6!8m2!3d24.8637779!4d67.0549463!16s%2Fg%2F11hcskt6vn!19sChIJ7fCgmIU-sz4R9o9dn4YbaZQ?authuser=0&hl=en&rclk=1,2025-05-10T16:29:53.507364
Cafe Clifton,Google Maps,"Karachi, Pakistan",,4.2,,2,$$,,,,https://www.google.com/maps/place/Cafe+Clifton/data=!4m7!3m6!1s0x3eb33d066675fcab:0x344f7a80230c6dd9!8m2!3d24.8015464!4d67.0368535!16s%2Fg%2F1trvjxfy!19sChIJq_x1ZgY9sz4R2W0MI4B6TzQ?authuser=0&hl=en&rclk=1,2025-05-10T16:29:53.901714
Drop Coffee Bar,Google Maps,"Karachi, Pakistan",,4.2,,2,$$,,,,https://www.google.com/maps/place/Drop+Coffee+Bar/data=!4m7!3m6!1s0x3eb33dface8ad9fb:0x427974f28f38ee44!8m2!3d24.8312878!4d67.0345613!16s%2Fg%2F11y1qktj8r!19sChIJ-9mKzvo9sz4RRO44j_J0eUI?authuser=0&hl=en&rclk=1,2025-05-10T16:29:54.313089
Melbrew - Tipu Sultan,Google Maps,"Karachi, Pakistan",,4.2,,2,$$,,,,https://www.google.com/maps/place/Melbrew+-+Tipu+Sultan/data=!4m7!3m6!1s0x3eb33f9810ebe945:0x66b57770a65d059!8m2!3d24.8707935!4d67.0796164!16s%2Fg%2F11t_q9w3xw!19sChIJRenrEJg_sz4RWdBlCndXawY?authuser=0&hl=en&rclk=1,2025-05-10T16:29:54.734090
JUNE,Google Maps,"Karachi, Pakistan",,4.2,,2,$$,,,,https://www.google.com/maps/place/JUNE/data=!4m7!3m6!1s0x3eb33d9e1c4905db:0xf586d0118023e35e!8m2!3d24.7957415!4d67.0651106!16s%2Fg%2F11kr8xlt20!19sChIJ2wVJHJ49sz4RXuMjgBHQhvU?authuser=0&hl=en&rclk=1,2025-05-10T16:29:55.225008
Caffé Praha,Google Maps,"Karachi, Pakistan",,4.2,,2,$$,,,,https://www.google.com/maps/place/Caff%C3%A9+Praha/data=!4m7!3m6!1s0x3eb33d507ee51b47:0xadf52c33883464da!8m2!3d24.7947683!4d67.0497443!16s%2Fg%2F11fn0l6mcf!19sChIJRxvlflA9sz4R2mQ0iDMs9a0?authuser=0&hl=en&rclk=1,2025-05-10T16:29:55.612262
Contra Coffee Shop,Google Maps,"Lahore, Pakistan",,4.3,,3,$$$,,,,https://www.google.com/maps/place/Contra+Coffee+Shop/data=!4m7!3m6!1s0x391905fe722ed601:0x67de81aa273098ac!8m2!3d31.5215104!4d74.3492483!16s%2Fg%2F11nygxy4kt!19sChIJAdYucv4FGTkRrJgwJ6qB3mc?authuser=0&hl=en&rclk=1,2025-05-10T16:30:35.682435
Coffee Tea & Company,Google Maps,"Lahore, Pakistan",,4.3,,3,$$$,,,,https://www.google.com/maps/place/Coffee+Tea+%26+Company/data=!4m7!3m6!1s0x3919044dc0c8fcad:0x89c50e84903540a8!8m2!3d31.5069398!4d74.3542165!16s%2Fg%2F1vcjkmyp!19sChIJrfzIwE0EGTkRqEA1kIQOxYk?authuser=0&hl=en&rclk=1,2025-05-10T16:30:36.733060
Mocca Coffee,Google Maps,"Lahore, Pakistan",,4.3,,3,$$$,,,,https://www.google.com/maps/place/Mocca+Coffee/data=!4m7!3m6!1s0x391904f7e270fe0d:0xff0a22b0a06b773a!8m2!3d31.5186626!4d74.3462098!16s%2Fg%2F1ptyg45tg!19sChIJDf5w4vcEGTkROndroLAiCv8?authuser=0&hl=en&rclk=1,2025-05-10T16:30:37.567570
NORTHLANDZ | BAKERY CAFE,Google Maps,"Lahore, Pakistan",,4.3,,3,$$$,,,,https://www.google.com/maps/place/NORTHLANDZ+%7C+BAKERY+CAFE/data=!4m7!3m6!1s0x391905ba1bcb4625:0x40391e330b08dafb!8m2!3d31.5115519!4d74.330834!16s%2Fg%2F11stbg6566!19sChIJJUbLG7oFGTkR-9oICzMeOUA?authuser=0&hl=en&rclk=1,2025-05-10T16:30:38.511474
Second Cup Coffee Company,Google Maps,"Lahore, Pakistan",,4.3,,3,$$$,,,,https://www.google.com/maps/place/Second+Cup+Coffee+Company/data=!4m7!3m6!1s0x391905d06db7f6c5:0x757a550383180d7!8m2!3d31.4952457!4d74.3128926!16s%2Fg%2F11kxbycqsf!19sChIJxfa3bdAFGTkR14AxOFClVwc?authuser=0&hl=en&rclk=1,2025-05-10T16:30:39.358011
The Coffee Bean & Tea Leaf,Google Maps,"Lahore, Pakistan",,4.3,,3,$$$,,,,https://www.google.com/maps/place/The+Coffee+Bean+%26+Tea+Leaf/data=!4m7!3m6!1s0x391904fba92bb6ad:0xd84daaee36aa144d!8m2!3d31.5273531!4d74.35051!16s%2Fg%2F11hbv4hvk7!19sChIJrbYrqfsEGTkRTRSqNu6qTdg?authuser=0&hl=en&rclk=1,2025-05-10T16:30:40.251909
Gloria Jean's Coffee,Google Maps,"Lahore, Pakistan",,4.3,,3,$$$,,,,https://www.google.com/maps/place/Gloria+Jean%27s+Coffee/data=!4m7!3m6!1s0x391904704b6c9265:0x5ea7122dded0dd4f!8m2!3d31.502034!4d74.3217238!16s%2Fg%2F11gdkqhv4k!19sChIJZZJsS3AEGTkRT93Q3i0Sp14?authuser=0&hl=en&rclk=1,2025-05-10T16:30:40.958587
Drip - Coffee Brewery & Bakery,Google Maps,"Lahore, Pakistan",,4.3,,3,$$$,,,,https://www.google.com/maps/place/Drip+-+Coffee+Brewery+%26+Bakery/data=!4m7!3m6!1s0x39190500374c5e45:0x59ac49ac28e47338!8m2!3d31.5306832!4d74.3520506!16s%2Fg%2F11ww4sqjk1!19sChIJRV5MNwAFGTkROHPkKKxJrFk?authuser=0&hl=en&rclk=1,2025-05-10T16:30:41.777184
Rumaisa’s Coffee House,Google Maps,"Lahore, Pakistan",,4.3,,3,$$$,,,,https://www.google.com/maps/place/Rumaisa%E2%80%99s+Coffee+House/data=!4m7!3m6!1s0x39190575cba4d491:0xf485f7a236be2098!8m2!3d31.4883023!4d74.3261496!16s%2Fg%2F11lllj3y9p!19sChIJkdSky3UFGTkRmCC-NqL3hfQ?authuser=0&hl=en&rclk=1,2025-05-10T16:30:42.884102
Second Cup Coffee Company,Google Maps,"Lahore, Pakistan",,4.3,,3,$$$,,,,https://www.google.com/maps/place/Second+Cup+Coffee+Company/data=!4m7!3m6!1s0x3919051f68d535cd:0x88318f86718481bb!8m2!3d31.5075405!4d74.3537005!16s%2Fg%2F11ns4286wh!19sChIJzTXVaB8FGTkRu4GEcYaPMYg?authuser=0&hl=en&rclk=1,2025-05-10T16:30:43.665732
Second Cup Coffee Company,Google Maps,"Lahore, Pakistan",,4.3,,3,$$$,,,,https://www.google.com/maps/place/Second+Cup+Coffee+Company/data=!4m7!3m6!1s0x391904f7e1426d25:0x9d22b3ad4eb42da!8m2!3d31.5191196!4d74.3460146!16s%2Fg%2F11clyfss7r!19sChIJJW1C4fcEGTkR2kLr1Dor0gk?authuser=0&hl=en&rclk=1,2025-05-10T16:30:44.318964
Third Culture Coffee - Gulberg,Google Maps,"Lahore, Pakistan",,4.3,,3,$$$,,,,https://www.google.com/maps/place/Third+Culture+Coffee+-+Gulberg/data=!4m7!3m6!1s0x3919050bedcfc137:0x84860fb666063d88!8m2!3d31.5213446!4d74.347396!16s%2Fg%2F11rw8xfq3r!19sChIJN8HP7QsFGTkRiD0GZrYPhoQ?authuser=0&hl=en&rclk=1,2025-05-10T16:30:44.925122
English Tea House,Google Maps,"Lahore, Pakistan",,4.3,,3,$$$,,,,https://www.google.com/maps/place/English+Tea+House/data=!4m7!3m6!1s0x391904f84bde72d9:0x6e248832a588f24c!8m2!3d31.5216398!4d74.3485118!16s%2Fg%2F1tf38y4y!19sChIJ2XLeS_gEGTkRTPKIpTKIJG4?authuser=0&hl=en&rclk=1,2025-05-10T16:30:45.617108
Gloria Jean's Coffees - Gulberg,Google Maps,"Lahore, Pakistan",,4.3,,3,$$$,,,,https://www.google.com/maps/place/Gloria+Jean%27s+Coffees+-+Gulberg/data=!4m7!3m6!1s0x3919044def36aaab:0x8327c8241ae1a1a4!8m2!3d31.5075204!4d74.3537225!16s%2Fg%2F1tggrxp_!19sChIJq6o2700EGTkRpKHhGiTIJ4M?authuser=0&hl=en&rclk=1,2025-05-10T16:30:46.223267
Butlers Chocolate Café,Google Maps,"Lahore, Pakistan",,4.3,,3,$$$,,,,https://www.google.com/maps/place/Butlers+Chocolate+Caf%C3%A9/data=!4m7!3m6!1s0x3919044fb64a32d1:0xea6185f85d60a0a0!8m2!3d31.5065625!4d74.3494375!16s%2Fg%2F1pp2tz5rq!19sChIJ0TJKtk8EGTkRoKBgXfiFYeo?authuser=0&hl=en&rclk=1,2025-05-10T16:30:46.834736
Gloria Jean's Coffees,Google Maps,"Lahore, Pakistan",,4.3,,3,$$$,,,,https://www.google.com/maps/place/Gloria+Jean%27s+Coffees/data=!4m7!3m6!1s0x3919041186cff47b:0x33084f53524b5c2c!8m2!3d31.4882783!4d74.3260503!16s%2Fg%2F11yf0632j!19sChIJe_TPhhEEGTkRLFxLUlNPCDM?authuser=0&hl=en&rclk=1,2025-05-10T16:30:47.484125
Quetta darbar cafe,Google Maps,"Lahore, Pakistan",,4.3,,3,$$$,,,,https://www.google.com/maps/place/Quetta+darbar+cafe/data=!4m7!3m6!1s0x39190344534099cb:0xdfa6a2bf2efd2713!8m2!3d31.5210876!4d74.2915561!16s%2Fg%2F11ll1q8n11!19sChIJy5lAU0QDGTkREyf9Lr-ipt8?authuser=0&hl=en&rclk=1,2025-05-10T16:30:48.092015
Arcadian Cafe,Google Maps,"Lahore, Pakistan",,4.3,,3,$$$,,,,https://www.google.com/maps/place/Arcadian+Cafe/data=!4m7!3m6!1s0x391904f9af41fc09:0x6f3398f327255cfb!8m2!3d31.5225152!4d74.3494086!16s%2Fg%2F1ygb86dfw!19sChIJCfxBr_kEGTkR-1wlJ_OYM28?authuser=0&hl=en&rclk=1,2025-05-10T16:30:48.672946
Fika Cafe,Google Maps,"Lahore, Pakistan",,4.3,,3,$$$,,,,https://www.google.com/maps/place/Fika+Cafe/data=!4m7!3m6!1s0x39190500215a2305:0x16065ef8342eba6!8m2!3d31.515509!4d74.3191314!16s%2Fg%2F11wpskf2zx!19sChIJBSNaIQAFGTkRputCg-9lYAE?authuser=0&hl=en&rclk=1,2025-05-10T16:30:49.252487
Cafe' Costa,Google Maps,"Lahore, Pakistan",,4.3,,3,$$$,,,,https://www.google.com/maps/place/Cafe%27+Costa/data=!4m7!3m6!1s0x3919044e3bf778a7:0x2b4f3c354d898856!8m2!3d31.5189907!4d74.3462326!16s%2Fg%2F1wc46cjd!19sChIJp3j3O04EGTkRVoiJTTU8Tys?authuser=0&hl=en&rclk=1,2025-05-10T16:30:49.884703
Fasana Café,Google Maps,"Lahore, Pakistan",,4.3,,3,$$$,,,,https://www.google.com/maps/place/Fasana+Caf%C3%A9/data=!4m7!3m6!1s0x3919054c4543c36b:0x5f87f8306af8c2d8!8m2!3d31.5198571!4d74.3464201!16s%2Fg%2F11kqcrd8yb!19sChIJa8NDRUwFGTkR2ML4ajD4h18?authuser=0&hl=en&rclk=1,2025-05-10T16:30:50.764608
Theatre - Live Bakery & Cafe - Lahore,Google Maps,"Lahore, Pakistan",,4.3,,3,$$$,,,,https://www.google.com/maps/place/Theatre+-+Live+Bakery+%26+Cafe+-+Lahore/data=!4m7!3m6!1s0x391905f03d479a95:0xc644f42faae7cf53!8m2!3d31.5169956!4d74.3511249!16s%2Fg%2F11pyxlxrpl!19sChIJlZpHPfAFGTkRU8_nqi_0RMY?authuser=0&hl=en&rclk=1,2025-05-10T16:30:51.836112
Coffee Planet,Google Maps,"Lahore, Pakistan",,4.3,,3,$$$,,,,https://www.google.com/maps/place/Coffee+Planet/data=!4m7!3m6!1s0x3919067467f75687:0xe29c8fb3d74b59bb!8m2!3d31.4753401!4d74.3777135!16s%2Fg%2F11bw2hjrcq!19sChIJh1b3Z3QGGTkRu1lL17OPnOI?authuser=0&hl=en&rclk=1,2025-05-10T16:30:52.592542
Defence Club Coffee Shop,Google Maps,"Lahore, Pakistan",,4.3,,3,$$$,,,,https://www.google.com/maps/place/Defence+Club+Coffee+Shop/data=!4m7!3m6!1s0x391906086b4e6feb:0x46a475d2d8211be3!8m2!3d31.4786875!4d74.3928125!16s%2Fg%2F1tfdx77j!19sChIJ629OawgGGTkR4xsh2NJ1pEY?authuser=0&hl=en&rclk=1,2025-05-10T16:30:53.204338
Artisan Coffee Gulberg,Google Maps,"Lahore, Pakistan",,4.3,,3,$$$,,,,https://www.google.com/maps/place/Artisan+Coffee+Gulberg/data=!4m7!3m6!1s0x3919053f0bacb163:0x97d8c8cefc5c4e71!8m2!3d31.5210891!4d74.352626!16s%2Fg%2F11s9hflmnz!19sChIJY7GsCz8FGTkRcU5c_M7I2Jc?authuser=0&hl=en&rclk=1,2025-05-10T16:30:53.815677
Yakoo's Tea Cafe,Google Maps,"Lahore, Pakistan",,4.3,,3,$$$,,,,https://www.google.com/maps/place/Yakoo%27s+Tea+Cafe/data=!4m7!3m6!1s0x391904a9774ba529:0x6057cbfbfec255f7!8m2!3d31.553174!4d74.3152245!16s%2Fg%2F11c4mdlmx2!19sChIJKaVLd6kEGTkR91XC_vvLV2A?authuser=0&hl=en&rclk=1,2025-05-10T16:30:54.557105
Dahlia Nursery + Cafe,Google Maps,"Lahore, Pakistan",,4.3,,3,$$$,,,,https://www.google.com/maps/place/Dahlia+Nursery+%2B+Cafe/data=!4m7!3m6!1s0x39190365d191960d:0xd38413b9b0e9411!8m2!3d31.5198255!4d74.3491348!16s%2Fg%2F11smfyrvm3!19sChIJDZaR0WUDGTkREZQOmztBOA0?authuser=0&hl=en&rclk=1,2025-05-10T16:30:55.269847
Kite | Specialty Coffee & Kitchen,Google Maps,"Lahore, Pakistan",,4.3,,3,$$$,,,,https://www.google.com/maps/place/Kite+%7C+Specialty+Coffee+%26+Kitchen/data=!4m7!3m6!1s0x39190511a7d5ab79:0xe768299fb431d2d3!8m2!3d31.5111165!4d74.3403664!16s%2Fg%2F11x01c0r68!19sChIJeavVpxEFGTkR09IxtJ8paOc?authuser=0&hl=en&rclk=1,2025-05-10T16:30:55.897307
Coffee Planet,Google Maps,"Lahore, Pakistan",,4.3,,3,$$$,,,,https://www.google.com/maps/place/Coffee+Planet/data=!4m7!3m6!1s0x3919017b4da4896d:0x8607954e9a22fad7!8m2!3d31.459158!4d74.2764!16s%2Fg%2F11cn8z133z!19sChIJbYmkTXsBGTkR1_oimk6VB4Y?authuser=0&hl=en&rclk=1,2025-05-10T16:30:56.489911
The Coffee Bean & Tea Leaf,Google Maps,"Lahore, Pakistan",,4.3,,3,$$$,,,,https://www.google.com/maps/place/The+Coffee+Bean+%26+Tea+Leaf/data=!4m7!3m6!1s0x3919010568dbcafb:0xee57e33ea264322e!8m2!3d31.4608917!4d74.2758354!16s%2Fg%2F11k03sk1wj!19sChIJ-8rbaAUBGTkRLjJkoj7jV-4?authuser=0&hl=en&rclk=1,2025-05-10T16:30:57.148103
KAF Coffee,Google Maps,"Islamabad, Pakistan",,4.6,549,3,$$$,,,,https://www.google.com/maps/place/KAF+Coffee/data=!4m7!3m6!1s0x38dfbf9500b9f139:0x68a2c891d0625a68!8m2!3d33.7287469!4d73.0753781!16s%2Fg%2F11p5ksfxq4!19sChIJOfG5AJW_3zgRaFpi0JHIomg?authuser=0&hl=en&rclk=1,2025-05-10T16:31:34.229440
Loafology Bakery & Cafe,Google Maps,"Islamabad, Pakistan",,4.6,549,3,$$$,,,,https://www.google.com/maps/place/Loafology+Bakery+%26+Cafe/data=!4m7!3m6!1s0x38dfbfbc99205bb1:0x99552e0569a15210!8m2!3d33.7106518!4d73.0585757!16s%2Fg%2F11c32gt5l8!19sChIJsVsgmby_3zgREFKhaQUuVZk?authuser=0&hl=en&rclk=1,2025-05-10T16:31:35.365538
Roasters Coffee House & Grill,Google Maps,"Islamabad, Pakistan",,4.6,549,3,$$$,,,,https://www.google.com/maps/place/Roasters+Coffee+House+%26+Grill/data=!4m7!3m6!1s0x38dfbf85d7ad9c6b:0xa3d973371987487e!8m2!3d33.7305564!4d73.079177!16s%2Fg%2F11n8p9ps4q!19sChIJa5yt14W_3zgRfkiHGTdz2aM?authuser=0&hl=en&rclk=1,2025-05-10T16:31:36.165004
The Coffee House,Google Maps,"Islamabad, Pakistan",,4.6,549,3,$$$,,,,https://www.google.com/maps/place/The+Coffee+House/data=!4m7!3m6!1s0x38df956583b634d3:0x6d3d82e90160dc3b!8m2!3d33.6606999!4d73.0591464!16s%2Fg%2F11t0q5hk5b!19sChIJ0zS2g2WV3zgRO9xgAemCPW0?authuser=0&hl=en&rclk=1,2025-05-10T16:31:36.922329
Flow Specialty Coffee,Google Maps,"Islamabad, Pakistan",,4.6,549,3,$$$,,,,https://www.google.com/maps/place/Flow+Specialty+Coffee/data=!4m7!3m6!1s0x38dfbfa363482c59:0x5d6057fde273f9c7!8m2!3d33.7202794!4d73.0735351!16s%2Fg%2F11s7y2vzmt!19sChIJWSxIY6O_3zgRx_lz4v1XYF0?authuser=0&hl=en&rclk=1,2025-05-10T16:31:37.716495
chaayé khana,Google Maps,"Islamabad, Pakistan",,4.6,549,3,$$$,,,,https://www.google.com/maps/place/chaay%C3%A9+khana/data=!4m7!3m6!1s0x38dfbf7768360b6d:0xe2f86ff45e49cadf!8m2!3d33.7293296!4d73.0749493!16s%2Fg%2F1tdwyxtp!19sChIJbQs2aHe_3zgR38pJXvRv-OI?authuser=0&hl=en&rclk=1,2025-05-10T16:31:38.541494
Second Cup Coffee Company,Google Maps,"Islamabad, Pakistan",,4.6,549,3,$$$,,,,https://www.google.com/maps/place/Second+Cup+Coffee+Company/data=!4m7!3m6!1s0x38dfbf5d0a7a22a3:0xe6f029788f5a96e!8m2!3d33.7298458!4d73.0776365!16s%2Fg%2F11j81bm016!19sChIJoyJ6Cl2_3zgRbqn1iJcCbw4?authuser=0&hl=en&rclk=1,2025-05-10T16:31:39.421385
Native Specialty Coffee & Eatery,Google Maps,"Islamabad, Pakistan",,4.6,549,3,$$$,,,,https://www.google.com/maps/place/Native+Specialty+Coffee+%26+Eatery/data=!4m7!3m6!1s0x38df95dcdc9afa2d:0xe6145680c685de35!8m2!3d33.6689916!4d73.0773246!16s%2Fg%2F11lz2grvb9!19sChIJLfqa3NyV3zgRNd6FxoBWFOY?authuser=0&hl=en&rclk=1,2025-05-10T16:31:40.211308
Gloria Jean's Coffees,Google Maps,"Islamabad, Pakistan",,4.6,549,3,$$$,,,,https://www.google.com/maps/place/Gloria+Jean%27s+Coffees/data=!4m7!3m6!1s0x38dfbf0bd59953db:0x4fdd0552f3cf8ec2!8m2!3d33.7259801!4d73.0577905!16s%2Fg%2F11g6nbxcjf!19sChIJ21OZ1Qu_3zgRwo7P81IF3U8?authuser=0&hl=en&rclk=1,2025-05-10T16:31:41.010611
The Coffee Bean & Tea Leaf,Google Maps,"Islamabad, Pakistan",,4.6,549,3,$$$,,,,https://www.google.com/maps/place/The+Coffee+Bean+%26+Tea+Leaf/data=!4m7!3m6!1s0x38dfbf7bd227ef2b:0x63c6627df9c448ca!8m2!3d33.7317597!4d73.0791922!16s%2Fg%2F11gd215nqg!19sChIJK-8n0nu_3zgRykjE-X1ixmM?authuser=0&hl=en&rclk=1,2025-05-10T16:31:41.950822
Em En Caffè,Google Maps,"Islamabad, Pakistan",,4.6,549,3,$$$,,,,https://www.google.com/maps/place/Em+En+Caff%C3%A8/data=!4m7!3m6!1s0x38dfbf1d536a3d4b:0x2310bb94b787d65!8m2!3d33.7296709!4d73.0760071!16s%2Fg%2F11sxwp3t9t!19sChIJSz1qUx2_3zgRZX14S7kLMQI?authuser=0&hl=en&rclk=1,2025-05-10T16:31:42.778136
Meseta Coffee,Google Maps,"Islamabad, Pakistan",,4.6,549,3,$$$,,,,https://www.google.com/maps/place/Meseta+Coffee/data=!4m7!3m6!1s0x38dfeda8660ef93d:0xba5946a0a2191da7!8m2!3d33.5503657!4d73.1372169!16s%2Fg%2F11c1ny64xy!19sChIJPfkOZqjt3zgRpx0ZoqBGWbo?authuser=0&hl=en&rclk=1,2025-05-10T16:31:43.540404
Brew,Google Maps,"Islamabad, Pakistan",,4.6,549,3,$$$,,,,https://www.google.com/maps/place/Brew/data=!4m7!3m6!1s0x38dfbf7d4356f4a7:0xb241786c707fd4a2!8m2!3d33.7272513!4d73.0477774!16s%2Fg%2F11r6q_0_tz!19sChIJp_RWQ32_3zgRotR_cGx4QbI?authuser=0&hl=en&rclk=1,2025-05-10T16:31:44.279693
Gloria Jean's Coffees I - 8,Google Maps,"Islamabad, Pakistan",,4.6,549,3,$$$,,,,https://www.google.com/maps/place/Gloria+Jean%27s+Coffees+I+-+8/data=!4m7!3m6!1s0x38df95458e64f319:0x1de122f21e7b0942!8m2!3d33.6673988!4d73.075382!16s%2Fg%2F11cm0f5xvn!19sChIJGfNkjkWV3zgRQgl7HvIi4R0?authuser=0&hl=en&rclk=1,2025-05-10T16:31:45.033865
Robert's Coffee,Google Maps,"Islamabad, Pakistan",,4.6,549,3,$$$,,,,https://www.google.com/maps/place/Robert%27s+Coffee/data=!4m7!3m6!1s0x38dfbf527cceb7a7:0x2b4f599b9f013f0b!8m2!3d33.7263658!4d73.0577657!16s%2Fg%2F11j86mfrh0!19sChIJp7fOfFK_3zgRCz8Bn5tZTys?authuser=0&hl=en&rclk=1,2025-05-10T16:31:45.837639
The Coffee Bean & Tea Leaf,Google Maps,"Islamabad, Pakistan",,4.6,549,3,$$$,,,,https://www.google.com/maps/place/The+Coffee+Bean+%26+Tea+Leaf/data=!4m7!3m6!1s0x38dfbde38b15432b:0xc8b829fc9949f6ca!8m2!3d33.6846967!4d72.9885576!16s%2Fg%2F11f3n1p2p5!19sChIJK0MVi-O93zgRyvZJmfwpuMg?authuser=0&hl=en&rclk=1,2025-05-10T16:31:46.574800
C R E M A,Google Maps,"Islamabad, Pakistan",,4.6,549,3,$$$,,,,https://www.google.com/maps/place/C+R+E+M+A/data=!4m7!3m6!1s0x38dfbf9c9c4cd90d:0xd7f91190056f4bb9!8m2!3d33.7199286!4d73.0739468!16s%2Fg%2F11c2p9rcyn!19sChIJDdlMnJy_3zgRuUtvBZAR-dc?authuser=0&hl=en&rclk=1,2025-05-10T16:31:47.318714
Street 1 Cafe,Google Maps,"Islamabad, Pakistan",,4.6,549,3,$$$,,,,https://www.google.com/maps/place/Street+1+Cafe/data=!4m7!3m6!1s0x38dfbf7add13fd47:0x228328ba4473a11b!8m2!3d33.7354677!4d73.078165!16s%2Fg%2F1hc8brzws!19sChIJR_0T3Xq_3zgRG6FzRLoogyI?authuser=0&hl=en&rclk=1,2025-05-10T16:31:48.084325
Burning Brownie,Google Maps,"Islamabad, Pakistan",,4.6,549,3,$$$,,,,https://www.google.com/maps/place/Burning+Brownie/data=!4m7!3m6!1s0x38dfbf9c9063552f:0xfa78ef869ad56de2!8m2!3d33.7203631!4d73.074039!16s%2Fg%2F1pp2vccrh!19sChIJL1VjkJy_3zgR4m3VmobvePo?authuser=0&hl=en&rclk=1,2025-05-10T16:31:48.872229
L’espresso,Google Maps,"Islamabad, Pakistan",,4.6,549,3,$$$,,,,https://www.google.com/maps/place/L%E2%80%99espresso/data=!4m7!3m6!1s0x38dfbd143c564807:0x3d3f657d0eca3ef2!8m2!3d33.6839688!4d72.9862926!16s%2Fg%2F11txnp7vbg!19sChIJB0hWPBS93zgR8j7KDn1lPz0?authuser=0&hl=en&rclk=1,2025-05-10T16:31:49.631424
L’espresso,Google Maps,"Islamabad, Pakistan",,4.6,549,3,$$$,,,,https://www.google.com/maps/place/L%E2%80%99espresso/data=!4m7!3m6!1s0x38dfbd143c564807:0x3d3f657d0eca3ef2!8m2!3d33.6839688!4d72.9862926!16s%2Fg%2F11txnp7vbg!19sChIJB0hWPBS93zgR8j7KDn1lPz0?authuser=0&hl=en&rclk=1,2025-05-10T16:31:50.370982
Second Cup Coffee Company,Google Maps,"Islamabad, Pakistan",,4.6,549,3,$$$,,,,https://www.google.com/maps/place/Second+Cup+Coffee+Company/data=!4m7!3m6!1s0x38dfed3dafb7adf5:0xe35f45beff9505f5!8m2!3d33.6021427!4d73.1584738!16s%2Fg%2F11rvqzqd05!19sChIJ9a23rz3t3zgR9QWV_75FX-M?authuser=0&hl=en&rclk=1,2025-05-10T16:31:51.169433
Shaghf,Google Maps,"Islamabad, Pakistan",,4.6,549,3,$$$,,,,https://www.google.com/maps/place/Shaghf/data=!4m7!3m6!1s0x38dfbfb1abaa9ec5:0x7a7faf4dd85edfb!8m2!3d33.70899!4d73.0457839!16s%2Fg%2F11s2lcq74c!19sChIJxZ6qq7G_3zgR--2F3fT6pwc?authuser=0&hl=en&rclk=1,2025-05-10T16:31:51.934509
English Tea House,Google Maps,"Islamabad, Pakistan",,4.6,549,3,$$$,,,,https://www.google.com/maps/place/English+Tea+House/data=!4m7!3m6!1s0x38dfbfa81f3efe83:0xca68bba3e8e79810!8m2!3d33.7215966!4d73.0510125!16s%2Fg%2F11df1tt4xh!19sChIJg_4-H6i_3zgREJjn6KO7aMo?authuser=0&hl=en&rclk=1,2025-05-10T16:31:52.656904
Gloria Jean's Coffees,Google Maps,"Islamabad, Pakistan",,4.6,549,3,$$$,,,,https://www.google.com/maps/place/Gloria+Jean%27s+Coffees/data=!4m7!3m6!1s0x38dfbde3939d4b0f:0x36b0ca304aea55be!8m2!3d33.6846996!4d72.9884588!16s%2Fg%2F1tncr8k0!19sChIJD0udk-O93zgRvlXqSjDKsDY?authuser=0&hl=en&rclk=1,2025-05-10T16:31:53.407839
The Coffee Bean & Tea Leaf,Google Maps,"Islamabad, Pakistan",,4.6,549,3,$$$,,,,https://www.google.com/maps/place/The+Coffee+Bean+%26+Tea+Leaf/data=!4m7!3m6!1s0x38df9548a11927a9:0x7e5e61e8153744b2!8m2!3d33.6679937!4d73.0758062!16s%2Fg%2F11rckwfn1r!19sChIJqScZoUiV3zgRskQ3FehhXn4?authuser=0&hl=en&rclk=1,2025-05-10T16:31:54.250450
King Coffee Islamabad,Google Maps,"Islamabad, Pakistan",,4.6,549,3,$$$,,,,https://www.google.com/maps/place/King+Coffee+Islamabad/data=!4m7!3m6!1s0x38dfedefec616073:0xdac3e8696ae92f3!8m2!3d33.5209357!4d73.1585179!16s%2Fg%2F11y2r6ngn9!19sChIJc2Bh7O_t3zgR85KuloY-rA0?authuser=0&hl=en&rclk=1,2025-05-10T16:31:55.003379
Coffeemistry,Google Maps,"Islamabad, Pakistan",,4.6,549,3,$$$,,,,https://www.google.com/maps/place/Coffeemistry/data=!4m7!3m6!1s0x38dfbf9bceb4cf45:0xe3e6da69830ce2a8!8m2!3d33.7067243!4d73.0376491!16s%2Fg%2F11p5l7wh2t!19sChIJRc-0zpu_3zgRqOIMg2na5uM?authuser=0&hl=en&rclk=1,2025-05-10T16:31:55.727376
Capresso Cafe,Google Maps,"Islamabad, Pakistan",,4.6,549,3,$$$,,,,https://www.google.com/maps/place/Capresso+Cafe/data=!4m7!3m6!1s0x38dfed93b3877797:0x3d71a9580d48e1eb!8m2!3d33.5221817!4d73.155195!16s%2Fg%2F11sh71nyvz!19sChIJl3eHs5Pt3zgR6-FIDVipcT0?authuser=0&hl=en&rclk=1,2025-05-10T16:31:56.465938
DAHLIA Islamabad (Nursery + Cafe),Google Maps,"Islamabad, Pakistan",,4.6,549,3,$$$,,,,https://www.google.com/maps/place/DAHLIA+Islamabad+%28Nursery+%2B+Cafe%29/data=!4m7!3m6!1s0x38dfbfbfe8694301:0x8a90bbaf7f16439!8m2!3d33.7304677!4d73.0792612!16s%2Fg%2F11v9yp_xls!19sChIJAUNp6L-_3zgROWTx97oLqQg?authuser=0&hl=en&rclk=1,2025-05-10T16:31:57.259679
M2M's Papa Coffee,Google Maps,"Rawalpindi, Pakistan",,4.7,300,3,$$$,,,,https://www.google.com/maps/place/M2M%27s+Papa+Coffee/data=!4m7!3m6!1s0x38df95569a75de7d:0x74341aa16aaf4131!8m2!3d33.6368703!4d73.0689418!16s%2Fg%2F11pk9gxlxj!19sChIJfd51mlaV3zgRMUGvaqEaNHQ?authuser=0&hl=en&rclk=1,2025-05-10T16:32:33.303400
Coffee Castle,Google Maps,"Rawalpindi, Pakistan",,4.7,300,3,$$$,,,,https://www.google.com/maps/place/Coffee+Castle/data=!4m7!3m6!1s0x38dfedf8becfbe49:0x920f64ef56624651!8m2!3d33.5961709!4d73.0939072!16s%2Fg%2F11kqbjrmd3!19sChIJSb7Pvvjt3zgRUUZiVu9kD5I?authuser=0&hl=en&rclk=1,2025-05-10T16:32:35.182364
The Coffee Bean & Tea Leaf,Google Maps,"Rawalpindi, Pakistan",,4.7,300,3,$$$,,,,https://www.google.com/maps/place/The+Coffee+Bean+%26+Tea+Leaf/data=!4m7!3m6!1s0x38dfed8d5ec7c48b:0x6f465390af770c9c!8m2!3d33.5213128!4d73.1024742!16s%2Fg%2F11fnr97f15!19sChIJi8THXo3t3zgRnAx3r5BTRm8?authuser=0&hl=en&rclk=1,2025-05-10T16:32:36.995979
Coffee Wagera Bahria Town (Rawalpindi),Google Maps,"Rawalpindi, Pakistan",,4.7,300,3,$$$,,,,https://www.google.com/maps/place/Coffee+Wagera+Bahria+Town+%28Rawalpindi%29/data=!4m7!3m6!1s0x38dfedb3d857887d:0xc2ec6f84bdfa8d53!8m2!3d33.5214317!4d73.1010499!16s%2Fg%2F11y42plnrw!19sChIJfYhX2LPt3zgRU436vYRv7MI?authuser=0&hl=en&rclk=1,2025-05-10T16:32:38.795740
Gloria Jean's Coffees,Google Maps,"Rawalpindi, Pakistan",,4.7,300,3,$$$,,,,https://www.google.com/maps/place/Gloria+Jean%27s+Coffees/data=!4m7!3m6!1s0x38dfed03101404ef:0xaadbb96ce268001!8m2!3d33.5551325!4d73.1251969!16s%2Fg%2F1hc2bjk2q!19sChIJ7wQUEAPt3zgRAYAmzpa7rQo?authuser=0&hl=en&rclk=1,2025-05-10T16:32:40.987042
Second Cup Jinnah Park,Google Maps,"Rawalpindi, Pakistan",,4.7,300,3,$$$,,,,https://www.google.com/maps/place/Second+Cup+Jinnah+Park/data=!4m7!3m6!1s0x38df9353ca37553f:0x8a5a48c32bb55e27!8m2!3d33.5860597!4d73.0741085!16s%2Fg%2F11f5v16ggt!19sChIJP1U3ylOT3zgRJ161K8NIWoo?authuser=0&hl=en&rclk=1,2025-05-10T16:32:42.871529
Petman's Cafe,Google Maps,"Rawalpindi, Pakistan",,4.7,300,3,$$$,,,,https://www.google.com/maps/place/Petman%27s+Cafe/data=!4m7!3m6!1s0x38df95ab71f6cf27:0x3e1d7c21ef18069e!8m2!3d33.5925517!4d73.0504798!16s%2Fg%2F11rx3nr7lh!19sChIJJ8_2cauV3zgRngYY7yF8HT4?authuser=0&hl=en&rclk=1,2025-05-10T16:32:44.827368
Cafe @10,Google Maps,"Rawalpindi, Pakistan",,4.7,300,3,$$$,,,,https://www.google.com/maps/place/Cafe+@10/data=!4m7!3m6!1s0x38df95720866c9d5:0xec9e066e2c44de3e!8m2!3d33.6135326!4d73.0307666!16s%2Fg%2F11gr2ph015!19sChIJ1clmCHKV3zgRPt5ELG4Gnuw?authuser=0&hl=en&rclk=1,2025-05-10T16:32:46.615537
Meseta Coffee,Google Maps,"Rawalpindi, Pakistan",,4.7,300,3,$$$,,,,https://www.google.com/maps/place/Meseta+Coffee/data=!4m7!3m6!1s0x38dfedda57ca4b55:0xe105e905037d91c5!8m2!3d33.5200338!4d73.0910596!16s%2Fg%2F11pkjsgbgy!19sChIJVUvKV9rt3zgRxZF9AwXpBeE?authuser=0&hl=en&rclk=1,2025-05-10T16:32:48.369468
Gloria Jean's Coffees,Google Maps,"Rawalpindi, Pakistan",,4.7,300,3,$$$,,,,https://www.google.com/maps/place/Gloria+Jean%27s+Coffees/data=!4m7!3m6!1s0x38df9487b582551d:0x96674247fe6baeaa!8m2!3d33.5960793!4d73.0485031!16s%2Fg%2F11c0xm4wyg!19sChIJHVWCtYeU3zgRqq5r_kdCZ5Y?authuser=0&hl=en&rclk=1,2025-05-10T16:32:50.418644
The Coffee Roots,Google Maps,"Rawalpindi, Pakistan",,4.7,300,3,$$$,,,,https://www.google.com/maps/place/The+Coffee+Roots/data=!4m7!3m6!1s0x38df95003913493d:0xdf001812e2ab6dee!8m2!3d33.6502942!4d73.0765539!16s%2Fg%2F11vx6bpmyq!19sChIJPUkTOQCV3zgR7m2r4hIYAN8?authuser=0&hl=en&rclk=1,2025-05-10T16:32:54.053891
Cafe De Aroma,Google Maps,"Rawalpindi, Pakistan",,4.7,300,3,$$$,,,,https://www.google.com/maps/place/Cafe+De+Aroma/data=!4m7!3m6!1s0x38df95aa816c3a8b:0xec99fefcad7331f6!8m2!3d33.6329539!4d73.0820476!16s%2Fg%2F11p5fmtxy4!19sChIJizpsgaqV3zgR9jFzrfz-mew?authuser=0&hl=en&rclk=1,2025-05-10T16:32:56.021750
Coffee Castle,Google Maps,"Rawalpindi, Pakistan",,4.7,300,3,$$$,,,,https://www.google.com/maps/place/Coffee+Castle/data=!4m7!3m6!1s0x38df95ba6a96338f:0xaea40c5ded7a4e90!8m2!3d33.6135147!4d73.030771!16s%2Fg%2F11l361cb29!19sChIJjzOWarqV3zgRkE567V0MpK4?authuser=0&hl=en&rclk=1,2025-05-10T16:32:57.918779
Quetta Bolan Cafe,Google Maps,"Rawalpindi, Pakistan",,4.7,300,3,$$$,,,,https://www.google.com/maps/place/Quetta+Bolan+Cafe/data=!4m7!3m6!1s0x38df949d3a39bc75:0x1845a1905f75f222!8m2!3d33.593775!4d73.0530538!16s%2Fg%2F11gh2ys94p!19sChIJdbw5Op2U3zgRIvJ1X5ChRRg?authuser=0&hl=en&rclk=1,2025-05-10T16:32:59.666001
The Front Page Cafe,Google Maps,"Rawalpindi, Pakistan",,4.7,300,3,$$$,,,,https://www.google.com/maps/place/The+Front+Page+Cafe/data=!4m7!3m6!1s0x38df9363bd071171:0x64d27f9c85fd78b8!8m2!3d33.588885!4d73.0562509!16s%2Fg%2F11c1wkq4xc!19sChIJcREHvWOT3zgRuHj9hZx_0mQ?authuser=0&hl=en&rclk=1,2025-05-10T16:33:01.482975
The Coffee Lab,Google Maps,"Rawalpindi, Pakistan",,4.7,300,3,$$$,,,,https://www.google.com/maps/place/The+Coffee+Lab/data=!4m7!3m6!1s0x38dfed9929378911:0x11849cb066fb50f8!8m2!3d33.6682311!4d73.0741354!16s%2Fg%2F11vjnzh3nm!19sChIJEYk3KZnt3zgR-FD7ZrCchBE?authuser=0&hl=en&rclk=1,2025-05-10T16:33:04.527524
Quetta Chai Khana Cafe,Google Maps,"Rawalpindi, Pakistan",,4.7,300,3,$$$,,,,https://www.google.com/maps/place/Quetta+Chai+Khana+Cafe/data=!4m7!3m6!1s0x38df9326e0da4cdd:0xc60dcb9cd913e97d!8m2!3d33.5179178!4d73.0853051!16s%2Fg%2F11qwwnjyvt!19sChIJ3Uza4CaT3zgRfekT2ZzLDcY?authuser=0&hl=en&rclk=1,2025-05-10T16:33:06.409890
Ring A Bell Bakery & Cafe,Google Maps,"Rawalpindi, Pakistan",,4.7,300,3,$$$,,,,https://www.google.com/maps/place/Ring+A+Bell+Bakery+%26+Cafe/data=!4m7!3m6!1s0x38df953d0d1bbb61:0xf8fc685758972f3a!8m2!3d33.6394278!4d73.0670552!16s%2Fg%2F11kpdydvss!19sChIJYbsbDT2V3zgROi-XWFdo_Pg?authuser=0&hl=en&rclk=1,2025-05-10T16:33:08.178482
Burning Brownie,Google Maps,"Rawalpindi, Pakistan",,4.7,300,3,$$$,,,,https://www.google.com/maps/place/Burning+Brownie/data=!4m7!3m6!1s0x38dfed41750ba13d:0xc98664dc530615b5!8m2!3d33.5198655!4d73.0912109!16s%2Fg%2F11t49ptdlw!19sChIJPaELdUHt3zgRtRUGU9xkhsk?authuser=0&hl=en&rclk=1,2025-05-10T16:33:10.037172
Tim Hortons Saddar Rawalpindi,Google Maps,"Rawalpindi, Pakistan",,4.7,300,3,$$$,,,,https://www.google.com/maps/place/Tim+Hortons+Saddar+Rawalpindi/data=!4m7!3m6!1s0x38df9522d660067d:0xca6a2cb59e8b40bd!8m2!3d33.5930919!4d73.051924!16s%2Fg%2F11vd9s_f9n!19sChIJfQZg1iKV3zgRvUCLnrUsaso?authuser=0&hl=en&rclk=1,2025-05-10T16:33:11.858753
Coffeeto D Chillax,Google Maps,"Rawalpindi, Pakistan",,4.7,300,3,$$$,,,,https://www.google.com/maps/place/Coffeeto+D+Chillax/data=!4m7!3m6!1s0x38df95a317cd2b5d:0xcf283aa6199d8f0f!8m2!3d33.5973558!4d73.0414042!16s%2Fg%2F11y2ft9k8x!19sChIJXSvNF6OV3zgRD4-dGaY6KM8?authuser=0&hl=en&rclk=1,2025-05-10T16:33:13.766012
PRESTO,Google Maps,"Rawalpindi, Pakistan",,4.7,300,3,$$$,,,,https://www.google.com/maps/place/PRESTO/data=!4m7!3m6!1s0x38dfed9f2fca40ab:0xfa0843009b6cc154!8m2!3d33.5296517!4d73.165553!16s%2Fg%2F11n0jmghzt!19sChIJq0DKL5_t3zgRVMFsmwBDCPo?authuser=0&hl=en&rclk=1,2025-05-10T16:33:16.088098
Chaayé Khana,Google Maps,"Rawalpindi, Pakistan",,4.7,300,3,$$$,,,,https://www.google.com/maps/place/Chaay%C3%A9+Khana/data=!4m7!3m6!1s0x38dfed0492a1621f:0x3979ac0ff963c77f!8m2!3d33.5519285!4d73.1252889!16s%2Fg%2F11cltpq8h_!19sChIJH2KhkgTt3zgRf8dj-Q-seTk?authuser=0&hl=en&rclk=1,2025-05-10T16:33:17.864230
KHULA AASMAN Restaurant And Cafe,Google Maps,"Rawalpindi, Pakistan",,4.7,300,3,$$$,,,,https://www.google.com/maps/place/KHULA+AASMAN+Restaurant+And+Cafe/data=!4m7!3m6!1s0x38dff3d63a43f61f:0x6233c69b8adfe8b4!8m2!3d33.4971391!4d73.1148025!16s%2Fg%2F11qpl6m2pd!19sChIJH_ZDOtbz3zgRtOjfipvGM2I?authuser=0&hl=en&rclk=1,2025-05-10T16:33:19.768496
Coffee Equation,Google Maps,"Rawalpindi, Pakistan",,4.7,300,3,$$$,,,,https://www.google.com/maps/place/Coffee+Equation/data=!4m7!3m6!1s0x38df93402598ca4f:0xc4e93cfa9f418244!8m2!3d33.5779538!4d73.0473476!16s%2Fg%2F11tmv92mz5!19sChIJT8qYJUCT3zgRRIJBn_o86cQ?authuser=0&hl=en&rclk=1,2025-05-10T16:33:21.702272
Coffee Equation,Google Maps,"Rawalpindi, Pakistan",,4.7,300,3,$$$,,,,https://www.google.com/maps/place/Coffee+Equation/data=!4m7!3m6!1s0x38df9542b3ca8587:0xa0596be3f5a1fdc6!8m2!3d33.5967007!4d73.0457747!16s%2Fg%2F11h75jy8hg!19sChIJh4XKs0KV3zgRxv2h9eNrWaA?authuser=0&hl=en&rclk=1,2025-05-10T16:33:23.528533
Quetta Bolan Cafe,Google Maps,"Rawalpindi, Pakistan",,4.7,300,3,$$$,,,,https://www.google.com/maps/place/Quetta+Bolan+Cafe/data=!4m7!3m6!1s0x38df958494a6b989:0xee0cebdb57d7de62!8m2!3d33.5982237!4d73.0495808!16s%2Fg%2F11n0_zlmss!19sChIJibmmlISV3zgRYt7XV9vrDO4?authuser=0&hl=en&rclk=1,2025-05-10T16:33:25.397745
Quetta cafe,Google Maps,"Rawalpindi, Pakistan",,4.7,300,3,$$$,,,,https://www.google.com/maps/place/Quetta+cafe/data=!4m7!3m6!1s0x38df957d3857e5bb:0x4d77cf98d6a36d4e!8m2!3d33.637949!4d73.0864896!16s%2Fg%2F11hzhtnt_5!19sChIJu-VXOH2V3zgRTm2j1pjPd00?authuser=0&hl=en&rclk=1,2025-05-10T16:33:27.252090
Loafology Bakery & Cafe,Google Maps,"Rawalpindi, Pakistan",,4.7,300,3,$$$,,,,https://www.google.com/maps/place/Loafology+Bakery+%26+Cafe/data=!4m7!3m6!1s0x38dfbfbc99205bb1:0x99552e0569a15210!8m2!3d33.7106518!4d73.0585757!16s%2Fg%2F11c32gt5l8!19sChIJsVsgmby_3zgREFKhaQUuVZk?authuser=0&hl=en&rclk=1,2025-05-10T16:33:29.179227
Quetta MashaAllah cafe,Google Maps,"Rawalpindi, Pakistan",,4.7,300,3,$$$,,,,https://www.google.com/maps/place/Quetta+MashaAllah+cafe/data=!4m7!3m6!1s0x38df956d32fa3e2f:0xbd74f472176f98a3!8m2!3d33.6544839!4d73.0704329!16s%2Fg%2F11fkkyr029!19sChIJLz76Mm2V3zgRo5hvF3L0dL0?authuser=0&hl=en&rclk=1,2025-05-10T16:33:31.728394
Black Cafe 2 Gelato House Ring Road Dalazak Road Branch,Google Maps,"Peshawar, Pakistan",,4.4,477,3,$$$,,,,https://www.google.com/maps/place/Black+Cafe+2+Gelato+House+Ring+Road+Dalazak+Road+Branch/data=!4m7!3m6!1s0x38d93de94fb2ef17:0xce509e62555bc552!8m2!3d34.032916!4d71.6055864!16s%2Fg%2F11k9fm0gj5!19sChIJF--yT-k92TgRUsVbVWKeUM4?authuser=0&hl=en&rclk=1,2025-05-10T16:34:09.617723
Gloria Jean's Coffees Peshawar,Google Maps,"Peshawar, Pakistan",,4.4,477,3,$$$,,,,https://www.google.com/maps/place/Gloria+Jean%27s+Coffees+Peshawar/data=!4m7!3m6!1s0x38d9173b412120d5:0x54a916dbcbd4c4ba!8m2!3d33.9715997!4d71.4420799!16s%2Fg%2F11ddxbyzcg!19sChIJ1SAhQTsX2TgRusTUy9sWqVQ?authuser=0&hl=en&rclk=1,2025-05-10T16:34:10.644990
Gelato house black cafe,Google Maps,"Peshawar, Pakistan",,4.4,477,3,$$$,,,,https://www.google.com/maps/place/Gelato+house+black+cafe/data=!4m7!3m6!1s0x38d93d3ad167bbed:0x71934ccdb72ac94c!8m2!3d34.0096129!4d71.5940668!16s%2Fg%2F11h136b94c!19sChIJ7btn0To92TgRTMkqt81Mk3E?authuser=0&hl=en&rclk=1,2025-05-10T16:34:11.793486
Coffee Corner,Google Maps,"Peshawar, Pakistan",,4.4,477,3,$$$,,,,https://www.google.com/maps/place/Coffee+Corner/data=!4m7!3m6!1s0x38d917b9d1aa74c5:0x36c52e92c952be5b!8m2!3d34.0070039!4d71.5451494!16s%2Fg%2F11b6gg58fq!19sChIJxXSq0bkX2TgRW75SyZIuxTY?authuser=0&hl=en&rclk=1,2025-05-10T16:34:13.061278
Kaldi's Cafe and Grill,Google Maps,"Peshawar, Pakistan",,4.4,477,3,$$$,,,,https://www.google.com/maps/place/Kaldi%27s+Cafe+and+Grill/data=!4m7!3m6!1s0x38d917dd6b65955d:0x115e49d0fb86f76f!8m2!3d34.0018813!4d71.5004174!16s%2Fg%2F11j8h3rv5v!19sChIJXZVla90X2TgRb_eG-9BJXhE?authuser=0&hl=en&rclk=1,2025-05-10T16:34:13.863644
Wakhan Cafe,Google Maps,"Peshawar, Pakistan",,4.4,477,3,$$$,,,,https://www.google.com/maps/place/Wakhan+Cafe/data=!4m7!3m6!1s0x38d910919cceb2cf:0xc05b7e6a29af61e9!8m2!3d33.9745815!4d71.4441049!16s%2Fg%2F11c30rwxy8!19sChIJz7LOnJEQ2TgR6WGvKWp-W8A?authuser=0&hl=en&rclk=1,2025-05-10T16:34:14.658804
Cafe Crunch,Google Maps,"Peshawar, Pakistan",,4.4,477,3,$$$,,,,https://www.google.com/maps/place/Cafe+Crunch/data=!4m7!3m6!1s0x38d9173d0f81dee7:0x30ab5e8490b9a4e5!8m2!3d33.9980751!4d71.4989443!16s%2Fg%2F1tj50zjk!19sChIJ596BDz0X2TgR5aS5kIReqzA?authuser=0&hl=en&rclk=1,2025-05-10T16:34:15.449402
Irfan Chacha Coffee Shop,Google Maps,"Peshawar, Pakistan",,4.4,477,3,$$$,,,,https://www.google.com/maps/place/Irfan+Chacha+Coffee+Shop/data=!4m7!3m6!1s0x38d9118f1565531f:0x2ea7d6ea4f372301!8m2!3d34.0055992!4d71.4734164!16s%2Fg%2F11pf84g8sv!19sChIJH1NlFY8R2TgRASM3T-rWpy4?authuser=0&hl=en&rclk=1,2025-05-10T16:34:16.242475
Rusty cup cafe,Google Maps,"Peshawar, Pakistan",,4.4,477,3,$$$,,,,https://www.google.com/maps/place/Rusty+cup+cafe/data=!4m7!3m6!1s0x38d911000e934905:0x228e70caba6833fa!8m2!3d33.9924681!4d71.4381249!16s%2Fg%2F11w3fhtkc5!19sChIJBUmTDgAR2TgR-jNouspwjiI?authuser=0&hl=en&rclk=1,2025-05-10T16:34:17.019313
Karachi café,Google Maps,"Peshawar, Pakistan",,4.4,477,3,$$$,,,,https://www.google.com/maps/place/Karachi+caf%C3%A9/data=!4m7!3m6!1s0x38d917478573c039:0x5e65e45f8cf1f792!8m2!3d33.9971189!4d71.5402762!16s%2Fg%2F11qndjg3gy!19sChIJOcBzhUcX2TgRkvfxjF_kZV4?authuser=0&hl=en&rclk=1,2025-05-10T16:34:18.338000
Quetta Commissioner Cafe,Google Maps,"Peshawar, Pakistan",,4.4,477,3,$$$,,,,https://www.google.com/maps/place/Quetta+Commissioner+Cafe/data=!4m7!3m6!1s0x38d91786715f81ad:0xf9cb51cb694afb6d!8m2!3d33.9902382!4d71.5342815!16s%2Fg%2F11swk5yyg8!19sChIJrYFfcYYX2TgRbftKactRy_k?authuser=0&hl=en&rclk=1,2025-05-10T16:34:19.137733
Bread Chef Cafè And Bakers,Google Maps,"Peshawar, Pakistan",,4.4,477,3,$$$,,,,https://www.google.com/maps/place/Bread+Chef+Caf%C3%A8+And+Bakers/data=!4m7!3m6!1s0x38d917b5598e0389:0x6fc2056a8e10912b!8m2!3d34.0181021!4d71.5483511!16s%2Fg%2F11hbm7qm8r!19sChIJiQOOWbUX2TgRK5EQjmoFwm8?authuser=0&hl=en&rclk=1,2025-05-10T16:34:19.899803
The Club Cafe,Google Maps,"Peshawar, Pakistan",,4.4,477,3,$$$,,,,https://www.google.com/maps/place/The+Club+Cafe/data=!4m7!3m6!1s0x38d917f076fea4fb:0x60c906d0b409d6a2!8m2!3d33.9967361!4d71.5309447!16s%2Fg%2F11rctzbdvw!19sChIJ-6T-dvAX2TgRotYJtNAGyWA?authuser=0&hl=en&rclk=1,2025-05-10T16:34:20.646374
DHA Coffee Corner (ڈی ایچ اے کافی کارنر),Google Maps,"Peshawar, Pakistan",,4.4,477,3,$$$,,,,https://www.google.com/maps/place/DHA+Coffee+Corner+%28%DA%88%DB%8C+%D8%A7%DB%8C%DA%86+%D8%A7%DB%92+%DA%A9%D8%A7%D9%81%DB%8C+%DA%A9%D8%A7%D8%B1%D9%86%D8%B1%29%E2%80%AD/data=!4m7!3m6!1s0x38d913d11474c26d:0x45fca5e648871da7!8m2!3d34.0550938!4d71.4316539!16s%2Fg%2F11qnjfygyv!19sChIJbcJ0FNET2TgRpx2HSOal_EU?authuser=0&hl=en&rclk=1,2025-05-10T16:34:21.435305
Fairway Coffee Shop,Google Maps,"Peshawar, Pakistan",,4.4,477,3,$$$,,,,https://www.google.com/maps/place/Fairway+Coffee+Shop/data=!4m7!3m6!1s0x38d9170008319e73:0x216a47bcdb65c620!8m2!3d34.0198612!4d71.5567131!16s%2Fg%2F11wpln86w0!19sChIJc54xCAAX2TgRIMZl27xHaiE?authuser=0&hl=en&rclk=1,2025-05-10T16:34:22.218128
Quetta Zebaye Balochistan Cafe,Google Maps,"Peshawar, Pakistan",,4.4,477,3,$$$,,,,https://www.google.com/maps/place/Quetta+Zebaye+Balochistan+Cafe/data=!4m7!3m6!1s0x38d911b4c479b803:0xecc415495b78213a!8m2!3d33.9943028!4d71.4522772!16s%2Fg%2F11p02vxcbh!19sChIJA7h5xLQR2TgROiF4W0kVxOw?authuser=0&hl=en&rclk=1,2025-05-10T16:34:22.968265
Classic Quetta Cafe,Google Maps,"Peshawar, Pakistan",,4.4,477,3,$$$,,,,https://www.google.com/maps/place/Classic+Quetta+Cafe/data=!4m7!3m6!1s0x38d93d4b135040c5:0xe39c63608c72dd4b!8m2!3d34.0378789!4d71.6180926!16s%2Fg%2F11q27plj93!19sChIJxUBQE0s92TgRS91yjGBjnOM?authuser=0&hl=en&rclk=1,2025-05-10T16:34:23.718619
Ghost House Cafe,Google Maps,"Peshawar, Pakistan",,4.4,477,3,$$$,,,,https://www.google.com/maps/place/Ghost+House+Cafe/data=!4m7!3m6!1s0x38d917eb78d93c77:0x8115c4476950b41b!8m2!3d34.0017547!4d71.4993531!16s%2Fg%2F11vb2282qk!19sChIJdzzZeOsX2TgRG7RQaUfEFYE?authuser=0&hl=en&rclk=1,2025-05-10T16:34:25.133614
Quetta Chinar Cafe,Google Maps,"Peshawar, Pakistan",,4.4,477,3,$$$,,,,https://www.google.com/maps/place/Quetta+Chinar+Cafe/data=!4m7!3m6!1s0x38d91712076df017:0x6e858b45e370f305!8m2!3d34.0036396!4d71.4791841!16s%2Fg%2F11mx0h6grh!19sChIJF_BtBxIX2TgRBfNw40WLhW4?authuser=0&hl=en&rclk=1,2025-05-10T16:34:25.989980
Adventure Cafe,Google Maps,"Peshawar, Pakistan",,4.4,477,3,$$$,,,,https://www.google.com/maps/place/Adventure+Cafe/data=!4m7!3m6!1s0x38d913d0e212bbb9:0x362006d644224ae9!8m2!3d34.0612661!4d71.436705!16s%2Fg%2F11nx5hm91t!19sChIJubsS4tAT2TgR6UoiRNYGIDY?authuser=0&hl=en&rclk=1,2025-05-10T16:34:26.787475
Crums Bakers & Café Hayatabad,Google Maps,"Peshawar, Pakistan",,4.4,477,3,$$$,,,,https://www.google.com/maps/place/Crums+Bakers+%26+Caf%C3%A9+Hayatabad/data=!4m7!3m6!1s0x38d911407765b619:0xbdbbe06fd5dc6cca!8m2!3d33.9906817!4d71.4500304!16s%2Fg%2F11lt9t1yw9!19sChIJGbZld0AR2TgRymzc1W_gu70?authuser=0&hl=en&rclk=1,2025-05-10T16:34:27.599914
Cafe Ottimo Peshawar,Google Maps,"Peshawar, Pakistan",,4.4,477,3,$$$,,,,https://www.google.com/maps/place/Cafe+Ottimo+Peshawar/data=!4m7!3m6!1s0x38d911f5846cde31:0xe04730061e83cf27!8m2!3d33.9708168!4d71.4377783!16s%2Fg%2F11p61_h94g!19sChIJMd5shPUR2TgRJ8-DHgYwR-A?authuser=0&hl=en&rclk=1,2025-05-10T16:34:28.524039
Peshawar Cafe,Google Maps,"Peshawar, Pakistan",,4.4,477,3,$$$,,,,https://www.google.com/maps/place/Peshawar+Cafe/data=!4m7!3m6!1s0x38d911389358e97f:0x9d7e1d6d797fbdbd!8m2!3d33.9735038!4d71.4778276!16s%2Fg%2F11llyb12qs!19sChIJf-lYkzgR2TgRvb1_eW0dfp0?authuser=0&hl=en&rclk=1,2025-05-10T16:34:29.299757
CLASSIC BAR CAFE,Google Maps,"Peshawar, Pakistan",,4.4,477,3,$$$,,,,https://www.google.com/maps/place/CLASSIC+BAR+CAFE/data=!4m7!3m6!1s0x38d9113989e53fb7:0x3cb0103f40eef323!8m2!3d34.0049133!4d71.4638595!16s%2Fg%2F11qnbc6zfg!19sChIJtz_liTkR2TgRI_PuQD8QsDw?authuser=0&hl=en&rclk=1,2025-05-10T16:34:30.603787
Coffee Shop Market,Google Maps,"Peshawar, Pakistan",,4.4,477,3,$$$,,,,https://www.google.com/maps/place/Coffee+Shop+Market/data=!4m7!3m6!1s0x38d9172c6c5db567:0x7b39a010037a8447!8m2!3d34.0019887!4d71.4813628!16s%2Fg%2F1tgkfnnc!19sChIJZ7VdbCwX2TgRR4R6AxCgOXs?authuser=0&hl=en&rclk=1,2025-05-10T16:34:31.364970
Mbox Cafe,Google Maps,"Peshawar, Pakistan",,4.4,477,3,$$$,,,,https://www.google.com/maps/place/Mbox+Cafe/data=!4m7!3m6!1s0x38d9171b9d7b56fb:0xfe83071fa6671a27!8m2!3d34.0043014!4d71.5033779!16s%2Fg%2F11hzwb4n13!19sChIJ-1Z7nRsX2TgRJxpnph8Hg_4?authuser=0&hl=en&rclk=1,2025-05-10T16:34:32.132313
Karachi cafe,Google Maps,"Peshawar, Pakistan",,4.4,477,3,$$$,,,,https://www.google.com/maps/place/Karachi+cafe/data=!4m7!3m6!1s0x38d93de2bed87fb3:0xb921690a0aa1ddca!8m2!3d34.0146391!4d71.5796991!16s%2Fg%2F11qqgqdym2!19sChIJs3_YvuI92TgRyt2hCgppIbk?authuser=0&hl=en&rclk=1,2025-05-10T16:34:32.932646
DAWAR FOOD CAFE,Google Maps,"Peshawar, Pakistan",,4.4,477,3,$$$,,,,https://www.google.com/maps/place/DAWAR+FOOD+CAFE/data=!4m7!3m6!1s0x38d9110018079ec1:0x37442337903118db!8m2!3d33.9935091!4d71.4754171!16s%2Fg%2F11x2lx5292!19sChIJwZ4HGAAR2TgR2xgxkDcjRDc?authuser=0&hl=en&rclk=1,2025-05-10T16:34:33.705348
Bubblebrews,Google Maps,"Peshawar, Pakistan",,4.4,477,3,$$$,,,,https://www.google.com/maps/place/Bubblebrews/data=!4m7!3m6!1s0x38d9175344c42ff9:0x872caf700a3dbca1!8m2!3d34.0003234!4d71.495963!16s%2Fg%2F11sv5bpyld!19sChIJ-S_ERFMX2TgRobw9CnCvLIc?authuser=0&hl=en&rclk=1,2025-05-10T16:34:34.463783
Cafe Jinnah,Google Maps,"Peshawar, Pakistan",,4.4,477,3,$$$,,,,https://www.google.com/maps/place/Cafe+Jinnah/data=!4m7!3m6!1s0x38d917d34dc33bdb:0xef5342a4c4ae731!8m2!3d33.9949365!4d71.5245903!16s%2Fg%2F11q4bd1jkf!19sChIJ2zvDTdMX2TgRMedKTCo09Q4?authuser=0&hl=en&rclk=1,2025-05-10T16:34:35.277519
Second Cup Coffee Company,Google Maps,"Multan, Pakistan",,4.4,364,3,$$$,,,,https://www.google.com/maps/place/Second+Cup+Coffee+Company/data=!4m7!3m6!1s0x3924cba56b3589cd:0x7aa647cc7777a4c4!8m2!3d30.2885506!4d71.5001425!16s%2Fg%2F11vjl3wgnv!19sChIJzYk1a6XLJDkRxKR3d8xHpno?authuser=0&hl=en&rclk=1,2025-05-10T16:35:16.824277
Gloria Jean's Coffees Multan,Google Maps,"Multan, Pakistan",,4.4,364,3,$$$,,,,https://www.google.com/maps/place/Gloria+Jean%27s+Coffees+Multan/data=!4m7!3m6!1s0x393b338b889a9557:0xfaa35d39b4ccdb4c!8m2!3d30.220042!4d71.4716897!16s%2Fg%2F1hm45cypj!19sChIJV5WaiIszOzkRTNvMtDldo_o?authuser=0&hl=en&rclk=1,2025-05-10T16:35:17.362417
Le Cafe,Google Maps,"Multan, Pakistan",,4.4,364,3,$$$,,,,https://www.google.com/maps/place/Le+Cafe/data=!4m7!3m6!1s0x393b33d7f702da0b:0xab8d200e973db27c!8m2!3d30.1905201!4d71.4418048!16s%2Fg%2F1hf5ysj3q!19sChIJC9oC99czOzkRfLI9lw4gjas?authuser=0&hl=en&rclk=1,2025-05-10T16:35:17.868535
Masoom cafe,Google Maps,"Multan, Pakistan",,4.4,364,3,$$$,,,,https://www.google.com/maps/place/Masoom+cafe/data=!4m7!3m6!1s0x393b33f4c625b367:0x2d4848623728d84c!8m2!3d30.2162057!4d71.4727713!16s%2Fg%2F119w3bjlk!19sChIJZ7MlxvQzOzkRTNgoN2JISC0?authuser=0&hl=en&rclk=1,2025-05-10T16:35:18.405233
Cafe Eclair,Google Maps,"Multan, Pakistan",,4.4,364,3,$$$,,,,https://www.google.com/maps/place/Cafe+Eclair/data=!4m7!3m6!1s0x393b33d7f34e06d1:0xd17bcff898f0f1b1!8m2!3d30.1912165!4d71.4413911!16s%2Fg%2F11dxlfs2wx!19sChIJ0QZO89czOzkRsfHwmPjPe9E?authuser=0&hl=en&rclk=1,2025-05-10T16:35:18.945066
English Tea House,Google Maps,"Multan, Pakistan",,4.4,364,3,$$$,,,,https://www.google.com/maps/place/English+Tea+House/data=!4m7!3m6!1s0x393b3348357ed1df:0x25909075f1e70591!8m2!3d30.2194662!4d71.4738154!16s%2Fg%2F11p55r2kt1!19sChIJ39F-NUgzOzkRkQXn8XWQkCU?authuser=0&hl=en&rclk=1,2025-05-10T16:35:19.452028
Elclassico,Google Maps,"Multan, Pakistan",,4.4,364,3,$$$,,,,https://www.google.com/maps/place/Elclassico/data=!4m7!3m6!1s0x393b3500699d1a03:0x5ec8a8deb2a16231!8m2!3d30.2424525!4d71.4994761!16s%2Fg%2F11y45cgm_p!19sChIJAxqdaQA1OzkRMWKhst6oyF4?authuser=0&hl=en&rclk=1,2025-05-10T16:35:19.971602
Le Cafe Model Town,Google Maps,"Multan, Pakistan",,4.4,364,3,$$$,,,,https://www.google.com/maps/place/Le+Cafe+Model+Town/data=!4m7!3m6!1s0x393b357cc60964f7:0xfb2b00c5bedf7752!8m2!3d30.2449959!4d71.4955714!16s%2Fg%2F11jm0p22zs!19sChIJ92QJxnw1OzkRUnffvsUAK_s?authuser=0&hl=en&rclk=1,2025-05-10T16:35:20.429992
Le Café Patisserie,Google Maps,"Multan, Pakistan",,4.4,364,3,$$$,,,,https://www.google.com/maps/place/Le+Caf%C3%A9+Patisserie/data=!4m7!3m6!1s0x393b338b490ca249:0x19490a7fde289d43!8m2!3d30.2168474!4d71.4723134!16s%2Fg%2F11hcb1hs7d!19sChIJSaIMSYszOzkRQ50o3n8KSRk?authuser=0&hl=en&rclk=1,2025-05-10T16:35:20.952910
Multan Café Stop,Google Maps,"Multan, Pakistan",,4.4,364,3,$$$,,,,https://www.google.com/maps/place/Multan+Caf%C3%A9+Stop/data=!4m7!3m6!1s0x393b3574d03ac11b:0x4124458df2776831!8m2!3d30.2479791!4d71.4922379!16s%2Fg%2F11qmsf4q7h!19sChIJG8E60HQ1OzkRMWh38o1FJEE?authuser=0&hl=en&rclk=1,2025-05-10T16:35:21.447733
Elclassico,Google Maps,"Multan, Pakistan",,4.4,364,3,$$$,,,,https://www.google.com/maps/place/Elclassico/data=!4m7!3m6!1s0x393b338e3a593811:0x283bfa7e3880638c!8m2!3d30.2133943!4d71.4721828!16s%2Fg%2F11tfn8qxy1!19sChIJEThZOo4zOzkRjGOAOH76Oyg?authuser=0&hl=en&rclk=1,2025-05-10T16:35:21.946163
The Hamptons Cafe,Google Maps,"Multan, Pakistan",,4.4,364,3,$$$,,,,https://www.google.com/maps/place/The+Hamptons+Cafe/data=!4m7!3m6!1s0x3924cb003afe3057:0x528cfba4369d979c!8m2!3d30.2912231!4d71.5107735!16s%2Fg%2F11wxkn6lcl!19sChIJVzD-OgDLJDkRnJedNqT7jFI?authuser=0&hl=en&rclk=1,2025-05-10T16:35:22.459180
Daily Dose Cafe,Google Maps,"Multan, Pakistan",,4.4,364,3,$$$,,,,https://www.google.com/maps/place/Daily+Dose+Cafe/data=!4m7!3m6!1s0x393b3127a5160831:0x9e94aeb64c0eb039!8m2!3d30.1879707!4d71.4405953!16s%2Fg%2F11spn4lyjp!19sChIJMQgWpScxOzkRObAOTLaulJ4?authuser=0&hl=en&rclk=1,2025-05-10T16:35:22.987124
Do Taa Complex,Google Maps,"Multan, Pakistan",,4.4,364,3,$$$,,,,https://www.google.com/maps/place/Do+Taa+Complex/data=!4m7!3m6!1s0x393b33c4c6a6a01f:0x9adc3002f5841ad0!8m2!3d30.1932833!4d71.4307978!16s%2Fg%2F11fm5c9vj0!19sChIJH6CmxsQzOzkR0BqE9QIw3Jo?authuser=0&hl=en&rclk=1,2025-05-10T16:35:23.491278
Multan Tea House,Google Maps,"Multan, Pakistan",,4.4,364,3,$$$,,,,https://www.google.com/maps/place/Multan+Tea+House/data=!4m7!3m6!1s0x393b33c2e8af3a49:0xb568c445fe716a81!8m2!3d30.2038469!4d71.4517971!16s%2Fg%2F11cn8pnhy9!19sChIJSTqv6MIzOzkRgWpx_kXEaLU?authuser=0&hl=en&rclk=1,2025-05-10T16:35:23.975027
CafeTime Bakery|Bar|Cafe|Grill,Google Maps,"Multan, Pakistan",,4.4,364,3,$$$,,,,https://www.google.com/maps/place/CafeTime+Bakery%7CBar%7CCafe%7CGrill/data=!4m7!3m6!1s0x393b33d8d951887f:0x1dbc4a1c96389fe4!8m2!3d30.193299!4d71.4468657!16s%2Fg%2F11g69774br!19sChIJf4hR2dgzOzkR5J84lhxKvB0?authuser=0&hl=en&rclk=1,2025-05-10T16:35:24.445854
Quetta Tea Cafe,Google Maps,"Multan, Pakistan",,4.4,364,3,$$$,,,,https://www.google.com/maps/place/Quetta+Tea+Cafe/data=!4m7!3m6!1s0x393b3477de6de219:0x829d030303903c80!8m2!3d30.2271037!4d71.4770538!16s%2Fg%2F11bx4bh4b3!19sChIJGeJt3nc0OzkRgDyQAwMDnYI?authuser=0&hl=en&rclk=1,2025-05-10T16:35:24.870229
Sips-N-Smoke,Google Maps,"Multan, Pakistan",,4.4,364,3,$$$,,,,https://www.google.com/maps/place/Sips-N-Smoke/data=!4m7!3m6!1s0x393b37dafce1a605:0x77976c178b1e7cf2!8m2!3d30.2025179!4d71.5325001!16s%2Fg%2F11rjvrp911!19sChIJBabh_No3OzkR8nweixdsl3c?authuser=0&hl=en&rclk=1,2025-05-10T16:35:25.287748
Cafe Saints,Google Maps,"Multan, Pakistan",,4.4,364,3,$$$,,,,https://www.google.com/maps/place/Cafe+Saints/data=!4m7!3m6!1s0x393b330bbcc30ca7:0xf52408932e128764!8m2!3d30.1942322!4d71.4529933!16s%2Fg%2F11h39n6_jl!19sChIJpwzDvAszOzkRZIcSLpMIJPU?authuser=0&hl=en&rclk=1,2025-05-10T16:35:25.704094
Chaaye Khana Multan,Google Maps,"Multan, Pakistan",,4.4,364,3,$$$,,,,https://www.google.com/maps/place/Chaaye+Khana+Multan/data=!4m7!3m6!1s0x393b33f3362f3971:0x925a30630369583a!8m2!3d30.2158644!4d71.4703506!16s%2Fg%2F11g9r3tjqy!19sChIJcTkvNvMzOzkROlhpA2MwWpI?authuser=0&hl=en&rclk=1,2025-05-10T16:35:26.202154
Black horse cafe,Google Maps,"Multan, Pakistan",,4.4,364,3,$$$,,,,https://www.google.com/maps/place/Black+horse+cafe/data=!4m7!3m6!1s0x393b35ff29483299:0xdafd526d559f63c1!8m2!3d30.2425247!4d71.4847565!16s%2Fg%2F11j1pp0lyr!19sChIJmTJIKf81OzkRwWOfVW1S_do?authuser=0&hl=en&rclk=1,2025-05-10T16:35:26.664267
MiniSoft Chill Bar & Cafe,Google Maps,"Multan, Pakistan",,4.4,364,3,$$$,,,,https://www.google.com/maps/place/MiniSoft+Chill+Bar+%26+Cafe/data=!4m7!3m6!1s0x393b3329ebb5140f:0xe0acdf4f9da1c183!8m2!3d30.2282264!4d71.4758648!16s%2Fg%2F11sssrly5s!19sChIJDxS16ykzOzkRg8GhnU_frOA?authuser=0&hl=en&rclk=1,2025-05-10T16:35:27.075782
Café Mocha & The Bakery + Groceries,Google Maps,"Multan, Pakistan",,4.4,364,3,$$$,,,,https://www.google.com/maps/place/Caf%C3%A9+Mocha+%26+The+Bakery+%2B+Groceries/data=!4m7!3m6!1s0x3924cb4f823b0dd9:0x4543c5a9a0ac6809!8m2!3d30.2909501!4d71.5108557!16s%2Fg%2F11l5lbcp6v!19sChIJ2Q07gk_LJDkRCWisoKnFQ0U?authuser=0&hl=en&rclk=1,2025-05-10T16:35:27.622269
Coffee Planet,Google Maps,"Multan, Pakistan",,4.4,364,3,$$$,,,,https://www.google.com/maps/place/Coffee+Planet/data=!4m7!3m6!1s0x393b3311b9c15b49:0x580fb4afc3f1cf1!8m2!3d30.1956523!4d71.4237123!16s%2Fg%2F11pxwwn4zn!19sChIJSVvBuREzOzkR8Rw__Er7gAU?authuser=0&hl=en&rclk=1,2025-05-10T16:35:28.014408
Bean Bliss Cafe,Google Maps,"Multan, Pakistan",,4.4,364,3,$$$,,,,https://www.google.com/maps/place/Bean+Bliss+Cafe/data=!4m7!3m6!1s0x393b3100754ae831:0x5000a7c2dc82afc1!8m2!3d30.1751871!4d71.4113424!16s%2Fg%2F11x1gf3cbt!19sChIJMehKdQAxOzkRwa-C3MKnAFA?authuser=0&hl=en&rclk=1,2025-05-10T16:35:28.408382
Cafe Delights,Google Maps,"Multan, Pakistan",,4.4,364,3,$$$,,,,https://www.google.com/maps/place/Cafe+Delights/data=!4m7!3m6!1s0x393b3567d1749833:0x6af951fbaf1aebbf!8m2!3d30.2477759!4d71.4910492!16s%2Fg%2F11kr9_bg8d!19sChIJM5h00Wc1OzkRv-sar_tR-Wo?authuser=0&hl=en&rclk=1,2025-05-10T16:35:28.809780
Cafe Newyork,Google Maps,"Multan, Pakistan",,4.4,364,3,$$$,,,,https://www.google.com/maps/place/Cafe+Newyork/data=!4m7!3m6!1s0x393b35173fade531:0xe06f028e0b01ceea!8m2!3d30.2425247!4d71.4847565!16s%2Fg%2F11pqgrfdqx!19sChIJMeWtPxc1OzkR6s4BC44Cb-A?authuser=0&hl=en&rclk=1,2025-05-10T16:35:29.244807
CAFFE BONITA,Google Maps,"Multan, Pakistan",,4.4,364,3,$$$,,,,https://www.google.com/maps/place/CAFFE+BONITA/data=!4m7!3m6!1s0x393b355aa4864e65:0xf5a36f6eaeab797f!8m2!3d30.2914677!4d71.5382967!16s%2Fg%2F11rdvrtjsf!19sChIJZU6GpFo1OzkRf3mrrm5vo_U?authuser=0&hl=en&rclk=1,2025-05-10T16:35:30.187134
COFFEE EQUATION,Google Maps,"Multan, Pakistan",,4.4,364,3,$$$,,,,https://www.google.com/maps/place/COFFEE+EQUATION/data=!4m7!3m6!1s0x393b337d62f334f3:0x87b85a9487f20e7!8m2!3d30.1963249!4d71.4236554!16s%2Fg%2F11kk63s_zf!19sChIJ8zTzYn0zOzkR5yB_SKmFewg?authuser=0&hl=en&rclk=1,2025-05-10T16:35:30.885173
Cafe 2 Night Family Restaurant Multan,Google Maps,"Multan, Pakistan",,4.4,364,3,$$$,,,,https://www.google.com/maps/place/Cafe+2+Night+Family+Restaurant+Multan/data=!4m7!3m6!1s0x393b357c6ad6c5ad:0xf41abab5a06a1646!8m2!3d30.2262647!4d71.5159541!16s%2Fg%2F11q49jy7ps!19sChIJrcXWanw1OzkRRhZqoLW6GvQ?authuser=0&hl=en&rclk=1,2025-05-10T16:35:31.257327
Coffee & Co.,Google Maps,"Faisalabad, Pakistan",,4.4,160,3,$$$,,,,https://www.google.com/maps/place/Coffee+%26+Co./data=!4m7!3m6!1s0x392269238d22a459:0x48e6b76a9c86485b!8m2!3d31.431382!4d73.122683!16s%2Fg%2F11sdpxb1lb!19sChIJWaQijSNpIjkRW0iGnGq35kg?authuser=0&hl=en&rclk=1,2025-05-10T16:36:12.615281
Nadeem Cafe & Family Restaurant,Google Maps,"Faisalabad, Pakistan",,4.4,160,3,$$$,,,,https://www.google.com/maps/place/Nadeem+Cafe+%26+Family+Restaurant/data=!4m7!3m6!1s0x392267ddc2f5813f:0xdcfd2c01071ff46f!8m2!3d31.3965495!4d73.1129475!16s%2Fg%2F1tfjcyf9!19sChIJP4H1wt1nIjkRb_QfBwEs_dw?authuser=0&hl=en&rclk=1,2025-05-10T16:36:14.411437
Dessert Café,Google Maps,"Faisalabad, Pakistan",,4.4,160,3,$$$,,,,https://www.google.com/maps/place/Dessert+Caf%C3%A9/data=!4m7!3m6!1s0x392269c5a5fdb843:0x4b4457ae37f3d639!8m2!3d31.3945447!4d73.0644014!16s%2Fg%2F11l9g_6q8m!19sChIJQ7j9pcVpIjkROdbzN65XREs?authuser=0&hl=en&rclk=1,2025-05-10T16:36:16.117872
Gloria Jean's Coffees - Civil Lines,Google Maps,"Faisalabad, Pakistan",,4.4,160,3,$$$,,,,https://www.google.com/maps/place/Gloria+Jean%27s+Coffees+-+Civil+Lines/data=!4m7!3m6!1s0x392243c6bce15277:0x3c6e9b07b07438be!8m2!3d31.4327812!4d73.0804647!16s%2Fg%2F11j3njc77z!19sChIJd1LhvMZDIjkRvjh0sAebbjw?authuser=0&hl=en&rclk=1,2025-05-10T16:36:17.726494
Gloria Jean’s - Canal Road,Google Maps,"Faisalabad, Pakistan",,4.4,160,3,$$$,,,,https://www.google.com/maps/place/Gloria+Jean%E2%80%99s+-+Canal+Road/data=!4m7!3m6!1s0x392269922fbd791d:0xe8bb10578304d97c!8m2!3d31.4545527!4d73.1610129!16s%2Fg%2F11t5tjxr4d!19sChIJHXm9L5JpIjkRfNkEg1cQu-g?authuser=0&hl=en&rclk=1,2025-05-10T16:36:19.309895
Second Cup Canal Road Faisalabad,Google Maps,"Faisalabad, Pakistan",,4.4,160,3,$$$,,,,https://www.google.com/maps/place/Second+Cup+Canal+Road+Faisalabad/data=!4m7!3m6!1s0x392269c887c6228b:0x73e11525c840026b!8m2!3d31.4539127!4d73.1559292!16s%2Fg%2F11vb_8rgkt!19sChIJiyLGh8hpIjkRawJAyCUV4XM?authuser=0&hl=en&rclk=1,2025-05-10T16:36:20.861289
Cafe Eleganza,Google Maps,"Faisalabad, Pakistan",,4.4,160,3,$$$,,,,https://www.google.com/maps/place/Cafe+Eleganza/data=!4m7!3m6!1s0x3922690050aac3a7:0xf75b01d3830f569d!8m2!3d31.4504241!4d73.1539994!16s%2Fg%2F11lzx9s5cf!19sChIJp8OqUABpIjkRnVYPg9MBW_c?authuser=0&hl=en&rclk=1,2025-05-10T16:36:22.353932
Coffee X,Google Maps,"Faisalabad, Pakistan",,4.4,160,3,$$$,,,,https://www.google.com/maps/place/Coffee+X/data=!4m7!3m6!1s0x39226997b36e1b73:0xfce79fa447d5eb6d!8m2!3d31.4528742!4d73.1138595!16s%2Fg%2F11x7z1p9bt!19sChIJcxtus5dpIjkRbevVR6Sf5_w?authuser=0&hl=en&rclk=1,2025-05-10T16:36:24.788255
Midnight Cafe,Google Maps,"Faisalabad, Pakistan",,4.4,160,3,$$$,,,,https://www.google.com/maps/place/Midnight+Cafe/data=!4m7!3m6!1s0x392269007a73b289:0xd724d21eb0f2be3!8m2!3d31.4265698!4d73.1014905!16s%2Fg%2F11lf3stf49!19sChIJibJzegBpIjkR4ysP6yFNcg0?authuser=0&hl=en&rclk=1,2025-05-10T16:36:26.425920
Hideout Cafe rooftop,Google Maps,"Faisalabad, Pakistan",,4.4,160,3,$$$,,,,https://www.google.com/maps/place/Hideout+Cafe+rooftop/data=!4m7!3m6!1s0x392269dbb1091ab5:0x874d08fe340ea91c!8m2!3d31.4065667!4d73.1011796!16s%2Fg%2F11q3q49w66!19sChIJtRoJsdtpIjkRHKkONP4ITYc?authuser=0&hl=en&rclk=1,2025-05-10T16:36:27.975580
Faisalabad Realtors,Google Maps,"Faisalabad, Pakistan",,4.4,160,3,$$$,,,,https://www.google.com/maps/place/Faisalabad+Realtors/data=!4m7!3m6!1s0x39226925d3b65a37:0xe0babd5089e745b6!8m2!3d31.4135625!4d73.1154375!16s%2Fg%2F11h5pnt29v!19sChIJN1q20yVpIjkRtkXniVC9uuA?authuser=0&hl=en&rclk=1,2025-05-10T16:36:29.527509
La Casa De Café,Google Maps,"Faisalabad, Pakistan",,4.4,160,3,$$$,,,,https://www.google.com/maps/place/La+Casa+De+Caf%C3%A9/data=!4m7!3m6!1s0x392269004a9aa661:0x2408af9071969f7!8m2!3d31.4498881!4d73.153069!16s%2Fg%2F11wnbqpxr_!19sChIJYaaaSgBpIjkR92kZB_mKQAI?authuser=0&hl=en&rclk=1,2025-05-10T16:36:31.778211
Gate Cafe,Google Maps,"Faisalabad, Pakistan",,4.4,160,3,$$$,,,,https://www.google.com/maps/place/Gate+Cafe/data=!4m7!3m6!1s0x392243a648c8fc1d:0xf96426cb31dfdb0!8m2!3d31.4204386!4d73.0623225!16s%2Fg%2F11hzmh6c66!19sChIJHfzISKZDIjkRsP0ds2xClg8?authuser=0&hl=en&rclk=1,2025-05-10T16:36:33.299067
Chaaye Khana,Google Maps,"Faisalabad, Pakistan",,4.4,160,3,$$$,,,,https://www.google.com/maps/place/Chaaye+Khana/data=!4m7!3m6!1s0x392269713202ff07:0xe79d2d57e5201979!8m2!3d31.4123322!4d73.1163766!16s%2Fg%2F11p66wmnrw!19sChIJB_8CMnFpIjkReRkg5Vctnec?authuser=0&hl=en&rclk=1,2025-05-10T16:36:35.636780
Latte e tè,Google Maps,"Faisalabad, Pakistan",,4.4,160,3,$$$,,,,https://www.google.com/maps/place/Latte+e+t%C3%A8/data=!4m7!3m6!1s0x392268722a682e27:0x9e5378c6220cd037!8m2!3d31.4130426!4d73.1160277!16s%2Fg%2F11cm0v56n0!19sChIJJy5oKnJoIjkRN9AMIsZ4U54?authuser=0&hl=en&rclk=1,2025-05-10T16:36:37.399442
Nadeem Cafe,Google Maps,"Faisalabad, Pakistan",,4.4,160,3,$$$,,,,https://www.google.com/maps/place/Nadeem+Cafe/data=!4m7!3m6!1s0x39226813a64e590d:0x633b038cc4730e00!8m2!3d31.416899!4d73.1080226!16s%2Fg%2F11f5d4ksn_!19sChIJDVlOphNoIjkRAA5zxIwDO2M?authuser=0&hl=en&rclk=1,2025-05-10T16:36:39.035935
Nectar Bar,Google Maps,"Faisalabad, Pakistan",,4.4,160,3,$$$,,,,https://www.google.com/maps/place/Nectar+Bar/data=!4m7!3m6!1s0x392268725d87c5f9:0xd4a01fa618357c4f!8m2!3d31.4128182!4d73.1147861!16s%2Fg%2F11cp74pr92!19sChIJ-cWHXXJoIjkRT3w1GKYfoNQ?authuser=0&hl=en&rclk=1,2025-05-10T16:36:41.118060
Whytes Coffee,Google Maps,"Faisalabad, Pakistan",,4.4,160,3,$$$,,,,https://www.google.com/maps/place/Whytes+Coffee/data=!4m7!3m6!1s0x392269003827965f:0xb39303e7b6e1eecc!8m2!3d31.4135731!4d73.1153508!16s%2Fg%2F11yb1716bc!19sChIJX5YnOABpIjkRzO7htucDk7M?authuser=0&hl=en&rclk=1,2025-05-10T16:36:42.985542
Café Max,Google Maps,"Faisalabad, Pakistan",,4.4,160,3,$$$,,,,https://www.google.com/maps/place/Caf%C3%A9+Max/data=!4m7!3m6!1s0x39226fd658362fe3:0xf2c5399f9b984121!8m2!3d31.4478116!4d73.1667791!16s%2Fg%2F11r7qhhjt5!19sChIJ4y82WNZvIjkRIUGYm585xfI?authuser=0&hl=en&rclk=1,2025-05-10T16:36:44.798113
Artisan Coffee Roaster,Google Maps,"Faisalabad, Pakistan",,4.4,160,3,$$$,,,,https://www.google.com/maps/place/Artisan+Coffee+Roaster/data=!4m7!3m6!1s0x3922690077d79dbd:0x7c56821bd760055b!8m2!3d31.4503132!4d73.1530029!16s%2Fg%2F11y66yc1s_!19sChIJvZ3XdwBpIjkRWwVg1xuCVnw?authuser=0&hl=en&rclk=1,2025-05-10T16:36:46.591731
A. Cafe,Google Maps,"Faisalabad, Pakistan",,4.4,160,3,$$$,,,,https://www.google.com/maps/place/A.+Cafe/data=!4m7!3m6!1s0x3922431d3a46d6a7:0xf168302da2337a8f!8m2!3d31.4335908!4d73.0847437!16s%2Fg%2F11sg38d38r!19sChIJp9ZGOh1DIjkRj3ozoi0waPE?authuser=0&hl=en&rclk=1,2025-05-10T16:36:48.365934
The Coffee Bean & Tea Leaf,Google Maps,"Faisalabad, Pakistan",,4.4,160,3,$$$,,,,https://www.google.com/maps/place/The+Coffee+Bean+%26+Tea+Leaf/data=!4m7!3m6!1s0x392243004ef08bdd:0xe93e0280a2e6d4e2!8m2!3d31.4304591!4d73.0809442!16s%2Fg%2F11ld383gry!19sChIJ3YvwTgBDIjkR4tTmooACPuk?authuser=0&hl=en&rclk=1,2025-05-10T16:36:50.172785
once more pan shop,Google Maps,"Faisalabad, Pakistan",,4.4,160,3,$$$,,,,https://www.google.com/maps/place/once+more+pan+shop/data=!4m7!3m6!1s0x39226786e03f6999:0xb87649d824d7b05a!8m2!3d31.3922597!4d73.1009361!16s%2Fg%2F11g3g16skl!19sChIJmWk_4IZnIjkRWrDXJNhJdrg?authuser=0&hl=en&rclk=1,2025-05-10T16:36:52.032550
Coco Rush Café,Google Maps,"Faisalabad, Pakistan",,4.4,160,3,$$$,,,,https://www.google.com/maps/place/Coco+Rush+Caf%C3%A9/data=!4m7!3m6!1s0x392269d4d603f27d:0x8cef48e75cfe3ec5!8m2!3d31.4355337!4d73.1285685!16s%2Fg%2F11sqksygp6!19sChIJffID1tRpIjkRxT7-XOdI74w?authuser=0&hl=en&rclk=1,2025-05-10T16:36:54.057479
Main Street Cafe,Google Maps,"Faisalabad, Pakistan",,4.4,160,3,$$$,,,,https://www.google.com/maps/place/Main+Street+Cafe/data=!4m7!3m6!1s0x392269b9638bb4d7:0x5ed439c33fb64a6e!8m2!3d31.4136761!4d73.1160442!16s%2Fg%2F11hxt_7s2_!19sChIJ17SLY7lpIjkRbkq2P8M51F4?authuser=0&hl=en&rclk=1,2025-05-10T16:36:56.026727
Waqas Cafe 4,Google Maps,"Faisalabad, Pakistan",,4.4,160,3,$$$,,,,https://www.google.com/maps/place/Waqas+Cafe+4/data=!4m7!3m6!1s0x392267007d7690fb:0x79d45c3783fec337!8m2!3d31.3975459!4d73.1116728!16s%2Fg%2F11x6s91bl6!19sChIJ-5B2fQBnIjkRN8P-gzdc1Hk?authuser=0&hl=en&rclk=1,2025-05-10T16:36:58.192253
Afters FSD,Google Maps,"Faisalabad, Pakistan",,4.4,160,3,$$$,,,,https://www.google.com/maps/place/Afters+FSD/data=!4m7!3m6!1s0x39226873d41de377:0xd3ba769fd7ae3360!8m2!3d31.4115349!4d73.1169564!16s%2Fg%2F11hcyvnjhh!19sChIJd-Md1HNoIjkRYDOu1592utM?authuser=0&hl=en&rclk=1,2025-05-10T16:37:00.197242
Doctor Cafe,Google Maps,"Faisalabad, Pakistan",,4.4,160,3,$$$,,,,https://www.google.com/maps/place/Doctor+Cafe/data=!4m7!3m6!1s0x392243ffa63e72c9:0xeab8bb9afbc056fb!8m2!3d31.4323608!4d73.0832755!16s%2Fg%2F11s4rz9374!19sChIJyXI-pv9DIjkR-1bA-5q7uOo?authuser=0&hl=en&rclk=1,2025-05-10T16:37:01.751683
Adreesia cafe,Google Maps,"Faisalabad, Pakistan",,4.4,160,3,$$$,,,,https://www.google.com/maps/place/Adreesia+cafe/data=!4m7!3m6!1s0x39226954d022acf5:0xabae2582914cb0c9!8m2!3d31.4401399!4d73.1052953!16s%2Fg%2F11lh5qbftg!19sChIJ9awi0FRpIjkRybBMkYIlrqs?authuser=0&hl=en&rclk=1,2025-05-10T16:37:03.938405
Coffee Shop - By The Lounge,Google Maps,"Faisalabad, Pakistan",,4.4,160,3,$$$,,,,https://www.google.com/maps/place/Coffee+Shop+-+By+The+Lounge/data=!4m7!3m6!1s0x392243b4b1d41573:0x10d48e3930e1f097!8m2!3d31.4557119!4d73.08039!16s%2Fg%2F11p6wyd1sw!19sChIJcxXUsbRDIjkRl_DhMDmO1BA?authuser=0&hl=en&rclk=1,2025-05-10T16:37:05.639448
